year_month,sentiment_BR,total_BR,sentiment_BRG1665,sentiment_BRG1666,sentiment_BRG1667,sentiment_BRG1668,sentiment_BRG1669,sentiment_BRG1670,sentiment_BRG1671,sentiment_BRG1672,sentiment_BRG1673,sentiment_BRG1674,sentiment_BRG1675,sentiment_BRG1676,sentiment_BRG1677,sentiment_BRG1678,sentiment_BRG1679,sentiment_BRG1680,sentiment_BRG1681,sentiment_BRG1682,sentiment_BRG1683,sentiment_BRG1685,sentiment_BRG1686,sentiment_BRG1687,sentiment_BRG1688,sentiment_BRG1689,sentiment_BRG1690,sentiment_BRG1691,total_BRG1665,total_BRG1666,total_BRG1667,total_BRG1668,total_BRG1669,total_BRG1670,total_BRG1671,total_BRG1672,total_BRG1673,total_BRG1674,total_BRG1675,total_BRG1676,total_BRG1677,total_BRG1678,total_BRG1679,total_BRG1680,total_BRG1681,total_BRG1682,total_BRG1683,total_BRG1685,total_BRG1686,total_BRG1687,total_BRG1688,total_BRG1689,total_BRG1690,total_BRG1691,year,month,population_growth_annual_percent,population_density_people_per_sq_km_of_land_area,poverty_headcount_ratio_at_2_15_a_day_2017_ppp_percent_of_population,gni_per_capita_ppp_current_international,income_share_held_by_lowest_20_percent,life_expectancy_at_birth_total_years,fertility_rate_total_births_per_woman,adolescent_fertility_rate_births_per_1_000_women_ages_15_19,births_attended_by_skilled_health_staff_percent_of_total,mortality_rate_under_5_per_1_000_live_births,school_enrollment_primary_percent_gross,school_enrollment_secondary_percent_gross,school_enrollment_primary_and_secondary_gross_gender_parity_index_gpi,annual_freshwater_withdrawals_total_percent_of_internal_resources,urban_population_growth_annual_percent,gdp_growth_annual_percent,gross_capital_formation_percent_of_gdp,mobile_cellular_subscriptions_per_100_people,statistical_capacity_score_overall_average_scale_0_100,people_using_safely_managed_drinking_water_services_percent_of_population,hospital_beds_per_1_000_people,nurses_and_midwives_per_1_000_people,physicians_per_1_000_people,in_reply_to_status_count,in_reply_to_user_count,in_quotation_user_count,in_quotation_status_count,in_retweet_user_count,in_retweet_status_count,entities_count,followers_mean,following_mean,user_statuses_mean,verified_users_count,retweets_count,quotes_count,replies_count,num_retweets_mean,num_quotes_mean,num_replies_mean
2013-01-01T00:00:00Z,-0.10795820972526764,7753,-0.02564102564102564,-0.010309278350515464,-0.061224489795918366,-0.11764705882352941,-0.09223300970873786,-0.060714285714285714,-0.020833333333333332,-0.14655172413793102,-0.08074534161490683,-0.08906882591093117,0,-0.08661417322834646,-0.10954063604240283,-0.08823529411764706,-0.03981264637002342,-0.13671875,-0.04186046511627907,0,-0.13793103448275862,-0.0823327615780446,0,-0.22727272727272727,-0.12658227848101267,-0.16226978596316574,-0.04,-0.2727272727272727,39,97,49,170,412,280,240,116,161,247,23,127,1981,34,427,256,215,8,29,583,9,22,158,2009,50,11,2013,1,0.8683462,24.13477,3.7,15320,3.5,73.918,1.748,63.0646,98,16.7,109.9451,103.9177,1.01665,1.190697,1.204556,3.004823,21.69377,134.3929,75.55556,80.41174,2.25,7.5635,1.882,548,633,0,0,1356,1356,2869,3989.6618083322587,1399.4804591770928,22124.98452212047,22,1356,0,548,0.19966464594350575,0,0.00993163936540694
2013-02-01T00:00:00Z,-0.1392174704276615,1099,0,-0.14285714285714285,0,-0.06896551724137931,-0.09090909090909091,-0.16666666666666666,-0.027777777777777776,-0.047619047619047616,-0.0967741935483871,0,-0.16666666666666666,-0.11764705882352941,-0.14782608695652175,0.2,-0.075,-0.11320754716981132,-0.10526315789473684,0,-0.4,-0.11578947368421053,0,0,-0.24489795918367346,-0.21631205673758866,0,0,7,14,4,29,66,30,36,21,31,45,6,17,230,5,40,53,19,2,5,95,0,3,49,282,7,3,2013,2,0.8683462,24.13477,3.7,15320,3.5,73.918,1.748,63.0646,98,16.7,109.9451,103.9177,1.01665,1.190697,1.204556,3.004823,21.69377,134.3929,75.55556,80.41174,2.25,7.5635,1.882,112,123,0,0,155,155,364,2193.0818926296633,1487.7206551410372,18782.34667879891,1,155,0,112,0.1437670609645132,0.007279344858962694,0.009099181073703366
2013-03-01T00:00:00Z,-0.1053763440860215,930,0,0,0,-0.05,-0.09090909090909091,-0.07407407407407407,-0.05555555555555555,-0.09090909090909091,0,0,-0.125,-0.22727272727272727,-0.11282051282051282,0,-0.061224489795918366,-0.17647058823529413,-0.008695652173913044,0,0,-0.21505376344086022,0,0,-0.043478260869565216,-0.15976331360946747,0,0,1,7,3,20,66,27,36,11,11,28,8,22,195,5,49,34,115,0,0,93,0,2,23,169,4,1,2013,3,0.8683462,24.13477,3.7,15320,3.5,73.918,1.748,63.0646,98,16.7,109.9451,103.9177,1.01665,1.190697,1.204556,3.004823,21.69377,134.3929,75.55556,80.41174,2.25,7.5635,1.882,87,96,0,0,0,0,179,2936.9344086021506,879.1129032258065,25116.84623655914,3,0,0,87,0.0032258064516129032,0,0.013978494623655914
2013-04-01T00:00:00Z,-0.12956754944686558,17898,-0.06172839506172839,-0.03374233128834356,-0.06896551724137931,-0.10073710073710074,-0.06535947712418301,-0.056896551724137934,-0.1136890951276102,-0.11524163568773234,-0.0798004987531172,-0.08270676691729323,-0.11827956989247312,-0.11312217194570136,-0.10386912490262269,-0.13513513513513514,-0.06296691568836713,-0.15280898876404495,-0.05794392523364486,0,-0.15217391304347827,-0.23485653560042508,-0.022727272727272728,-0.03773584905660377,-0.15807560137457044,-0.16960208741030658,-0.034482758620689655,-0.045454545454545456,81,326,116,407,1071,580,431,269,401,532,93,442,3851,74,937,890,535,35,92,2823,44,53,582,3066,145,22,2013,4,0.8683462,24.13477,3.7,15320,3.5,73.918,1.748,63.0646,98,16.7,109.9451,103.9177,1.01665,1.190697,1.204556,3.004823,21.69377,134.3929,75.55556,80.41174,2.25,7.5635,1.882,1002,1368,0,0,0,0,2909,3671.5936417476814,1031.2205833053972,25916.37015308973,108,0,0,1002,0.0016761649346295675,1.1174432897530451e-4,0.01117443289753045
2013-05-01T00:00:00Z,-0.19188792963023293,12278,-0.13636363636363635,-0.06593406593406594,-0.11392405063291139,-0.08024691358024691,-0.13465346534653466,-0.0855614973262032,-0.12558139534883722,-0.17757009345794392,-0.1523809523809524,-0.14761904761904762,-0.08108108108108109,-0.10909090909090909,-0.16846813268729036,-0.21739130434782608,-0.09075342465753425,-0.23665480427046262,-0.08333333333333333,-0.047619047619047616,-0.20588235294117646,-0.26068633353401566,0,-0.15217391304347827,-0.20105820105820105,-0.26673360107095045,-0.02666666666666667,-0.058823529411764705,66,91,79,162,505,374,215,214,315,420,74,330,2683,46,584,562,264,21,68,1661,23,46,378,2988,75,34,2013,5,0.8683462,24.13477,3.7,15320,3.5,73.918,1.748,63.0646,98,16.7,109.9451,103.9177,1.01665,1.190697,1.204556,3.004823,21.69377,134.3929,75.55556,80.41174,2.25,7.5635,1.882,959,1201,0,0,0,0,1933,3136.8275777813974,743.5276103599934,24322.528832057338,60,0,0,959,0.0031764130965955366,1.6289297931259164e-4,0.013194331324319922
2013-06-01T00:00:00Z,-0.08734222863324918,13865,-0.04477611940298507,-0.027932960893854747,-0.042105263157894736,-0.057034220532319393,-0.05644171779141104,-0.03932584269662921,-0.05458089668615984,-0.085,-0.06179775280898876,-0.0708955223880597,-0.0641025641025641,-0.10240963855421686,-0.09130300216651191,-0.05263157894736842,-0.04642857142857143,-0.07296849087893864,-0.0189873417721519,0,-0.1791044776119403,-0.1216,0,-0.018518518518518517,-0.11781609195402298,-0.13558106169296988,0.009523809523809525,0,67,179,95,263,815,534,513,200,356,536,78,332,3231,57,840,603,474,15,67,1250,26,54,348,2788,105,39,2013,6,0.8683462,24.13477,3.7,15320,3.5,73.918,1.748,63.0646,98,16.7,109.9451,103.9177,1.01665,1.190697,1.204556,3.004823,21.69377,134.3929,75.55556,80.41174,2.25,7.5635,1.882,874,1121,0,0,2228,2228,4242,4717.749585286693,1451.5564370717634,22913.375477821854,205,2228,0,874,0.13703570140641905,7.21240533717995e-5,0.008366390191128741
2013-07-01T00:00:00Z,-0.11678417102569934,8794,-0.13043478260869565,-0.01680672268907563,-0.041666666666666664,-0.109375,-0.09926470588235294,-0.05956112852664577,-0.04329004329004329,-0.11194029850746269,-0.0728744939271255,-0.053763440860215055,0,-0.11904761904761904,-0.1432027092404451,-0.07692307692307693,-0.05918367346938776,-0.1331168831168831,-0.03137254901960784,0,-0.26666666666666666,-0.12140992167101827,-0.07692307692307693,-0.047619047619047616,-0.12345679012345678,-0.15774514448128849,-0.013333333333333334,-0.29411764705882354,23,119,48,192,544,319,231,134,247,279,60,168,2067,26,490,308,255,8,30,766,13,21,243,2111,75,17,2013,7,0.8683462,24.13477,3.7,15320,3.5,73.918,1.748,63.0646,98,16.7,109.9451,103.9177,1.01665,1.190697,1.204556,3.004823,21.69377,134.3929,75.55556,80.41174,2.25,7.5635,1.882,670,746,0,0,1600,1600,2753,3920.800090971117,867.544234705481,22508.625540141005,86,1600,0,670,0.18000909711166704,1.1371389583807141e-4,0.01137138958380714
2013-08-01T00:00:00Z,-0.08071998515494526,10778,-0.075,0.006666666666666667,-0.006211180124223602,-0.10824742268041238,-0.07580645161290323,-0.0625,-0.046511627906976744,-0.128,-0.06944444444444445,-0.01775147928994083,-0.10416666666666667,-0.04608294930875576,-0.09251439539347409,-0.15151515151515152,-0.044189852700491,-0.08676789587852494,-0.012658227848101266,0,-0.1951219512195122,-0.07902298850574713,0,-0.0625,-0.09389671361502347,-0.10759252193819153,-0.011111111111111112,-0.09090909090909091,40,150,161,388,620,320,301,125,288,338,48,217,2605,33,611,461,316,24,41,696,17,32,213,2621,90,22,2013,8,0.8683462,24.13477,3.7,15320,3.5,73.918,1.748,63.0646,98,16.7,109.9451,103.9177,1.01665,1.190697,1.204556,3.004823,21.69377,134.3929,75.55556,80.41174,2.25,7.5635,1.882,624,773,0,0,1678,1678,3056,5447.369177955094,1085.7497680460197,24392.833828168492,139,1678,0,624,0.18908888476526256,9.278159213212098e-5,0.012061606977175728
2013-09-01T00:00:00Z,-0.07608446178563232,8714,-0.09375,-0.0891089108910891,0,-0.10204081632653061,-0.05672609400324149,-0.024608501118568233,-0.031007751937984496,-0.05136986301369863,-0.05555555555555555,-0.04807692307692308,0,-0.06289308176100629,-0.076007326007326,0,-0.04554079696394687,-0.13355048859934854,-0.027586206896551724,-0.05263157894736842,-0.15555555555555556,-0.1018867924528302,0,0,-0.16346153846153846,-0.1181977764774722,-0.008403361344537815,0,32,101,62,196,617,447,258,292,288,312,42,159,2184,20,527,307,290,19,45,530,13,21,104,1709,119,20,2013,9,0.8683462,24.13477,3.7,15320,3.5,73.918,1.748,63.0646,98,16.7,109.9451,103.9177,1.01665,1.190697,1.204556,3.004823,21.69377,134.3929,75.55556,80.41174,2.25,7.5635,1.882,483,588,0,0,1352,1352,2407,6350.813288960294,1040.7951572182694,23910.220679366535,82,1352,0,483,0.16754647693366995,0,0.011361028230433785
2013-10-01T00:00:00Z,-0.09329680953915566,6206,0,-0.05357142857142857,-0.024390243902439025,-0.0603448275862069,-0.0694006309148265,-0.04477611940298507,-0.10648148148148148,-0.06896551724137931,-0.06474820143884892,-0.04419889502762431,-0.05555555555555555,-0.07751937984496124,-0.10968178740690589,-0.14285714285714285,-0.03571428571428571,-0.10204081632653061,0,0,-0.1935483870967742,-0.1013215859030837,-0.0625,0,-0.1259259259259259,-0.12944983818770225,0,0,11,56,41,116,317,201,216,116,139,181,36,129,1477,35,420,245,208,3,31,454,16,23,135,1545,40,15,2013,10,0.8683462,24.13477,3.7,15320,3.5,73.918,1.748,63.0646,98,16.7,109.9451,103.9177,1.01665,1.190697,1.204556,3.004823,21.69377,134.3929,75.55556,80.41174,2.25,7.5635,1.882,440,491,0,0,943,943,1776,7946.955526909443,1469.0783113116338,23379.766516274572,112,943,0,440,0.176603287141476,1.6113438607798906e-4,0.0103126007089913
2013-11-01T00:00:00Z,-0.08469247396345057,5089,-0.13636363636363635,-0.016666666666666666,-0.09523809523809523,-0.14049586776859505,-0.058823529411764705,-0.041237113402061855,-0.058394160583941604,-0.08974358974358974,-0.044585987261146494,-0.05859375,-0.02857142857142857,-0.10714285714285714,-0.09364820846905537,0,-0.06227106227106227,-0.12371134020618557,-0.01744186046511628,-0.07692307692307693,-0.03333333333333333,-0.11358024691358025,-0.16666666666666666,-0.2,-0.18947368421052632,-0.09772296015180265,0,0,22,120,21,121,272,194,137,78,157,256,35,140,1228,25,273,194,172,13,30,405,6,5,95,1054,31,5,2013,11,0.8683462,24.13477,3.7,15320,3.5,73.918,1.748,63.0646,98,16.7,109.9451,103.9177,1.01665,1.190697,1.204556,3.004823,21.69377,134.3929,75.55556,80.41174,2.25,7.5635,1.882,346,379,0,0,834,834,1495,4735.269797602672,779.3601886421694,24846.82236195716,76,834,0,346,0.16584790725093337,0,0.0072705836117115345
2013-12-01T00:00:00Z,-0.14150304671631686,4431,-0.29411764705882354,-0.07575757575757576,-0.12,-0.12,-0.039473684210526314,-0.11688311688311688,-0.04838709677419355,-0.1875,-0.12612612612612611,-0.09285714285714286,-0.23529411764705882,-0.0970873786407767,-0.16554054054054054,0,-0.076,-0.11764705882352941,-0.11538461538461539,0,-0.2608695652173913,-0.20224719101123595,-0.25,-0.08333333333333333,-0.2653061224489796,-0.1560353287536801,-0.058823529411764705,-0.058823529411764705,17,66,25,100,228,154,124,80,111,140,17,103,1184,20,250,187,78,1,23,356,4,12,98,1019,17,17,2013,12,0.8683462,24.13477,3.7,15320,3.5,73.918,1.748,63.0646,98,16.7,109.9451,103.9177,1.01665,1.190697,1.204556,3.004823,21.69377,134.3929,75.55556,80.41174,2.25,7.5635,1.882,328,355,0,0,822,822,1366,4192.085985104943,1079.3766644098398,25124.764612954186,51,822,0,328,0.17467840216655384,2.2568269013766644e-4,0.006093432633716994
2014-01-01T00:00:00Z,-0.10790296175026046,6719,-0.1,-0.03614457831325301,-0.03076923076923077,-0.07017543859649122,-0.0647887323943662,-0.056338028169014086,-0.05263157894736842,-0.0761904761904762,-0.078534031413612565,-0.046153846153846156,-0.08333333333333333,-0.11258278145695365,-0.13825757575757575,-0.05555555555555555,-0.049689440993788817,-0.11400651465798045,-0.047619047619047616,0,-0.4146341463414634,-0.11643835616438356,0,-0.07692307692307693,-0.15028901734104047,-0.13501577287066246,0,0,20,83,65,114,355,284,323,105,191,195,24,151,1584,18,322,307,105,2,41,584,10,26,173,1585,46,6,2014,1,0.8578348,24.34269,3.3,15370,3.6,74.306,1.767,62.0762,98.4,16.3,110.3165,102.6355,1.01811,1.148596,1.189409,0.5039557,20.54841,137.9776,75.55556,81.19585,2.22,8.788,1.882,559,600,0,0,1242,1242,2211,8810.751302277124,1303.1425807411817,25632.092573299597,167,1242,0,559,0.24185146599196308,1.488316713796696e-4,0.015180830480726298
2014-02-01T00:00:00Z,-0.08109486569194152,5882,-0.12,-0.028368794326241134,-0.0847457627118644,-0.043478260869565216,-0.030303030303030304,-0.038869257950530034,-0.009345794392523364,-0.07207207207207207,-0.05069124423963134,-0.05855855855855856,-0.047619047619047616,-0.05128205128205128,-0.10022779043280182,-0.06666666666666667,-0.04854368932038835,-0.10256410256410256,-0.007462686567164179,-0.1111111111111111,-0.11538461538461539,-0.12875536480686695,0,-0.08823529411764706,-0.14012738853503184,-0.10825545171339564,-0.01694915254237288,0,25,141,59,115,330,283,214,111,217,222,21,117,1317,15,309,195,134,9,26,466,11,34,157,1284,59,11,2014,2,0.8578348,24.34269,3.3,15370,3.6,74.306,1.767,62.0762,98.4,16.3,110.3165,102.6355,1.01811,1.148596,1.189409,0.5039557,20.54841,137.9776,75.55556,81.19585,2.22,8.788,1.882,381,456,0,0,975,975,1760,7085.728323699422,1855.9015640938455,28425.257055423324,63,975,0,381,0.22254335260115607,0,0.01088065283917035
2014-03-01T00:00:00Z,-0.1655247230786799,17514,-0.09722222222222222,-0.0330188679245283,-0.05,-0.08713692946058091,-0.09605662285136501,-0.06963249516441006,-0.0380952380952381,-0.23529411764705882,-0.09487666034155598,-0.06053811659192825,-0.22535211267605634,-0.11764705882352941,-0.2001407789770061,-0.1,-0.07894736842105263,-0.1759379042690815,-0.04691358024691358,-0.13333333333333333,-0.2937062937062937,-0.2515952597994531,-0.07692307692307693,-0.09782608695652174,-0.2744186046511628,-0.1799418604651163,-0.03409090909090909,0,72,212,120,241,989,517,420,323,527,446,71,374,4262,60,950,773,405,15,143,2194,26,92,645,3440,176,21,2014,3,0.8578348,24.34269,3.3,15370,3.6,74.306,1.767,62.0762,98.4,16.3,110.3165,102.6355,1.01811,1.148596,1.189409,0.5039557,20.54841,137.9776,75.55556,81.19585,2.22,8.788,1.882,1222,1432,0,0,2597,2597,4838,5955.281089414183,1472.1155075939248,24974.337729816147,221,2597,0,1222,0.1943017014959461,5.709717939933768e-4,0.01301815690304899
2014-04-01T00:00:00Z,-0.11405450797770822,13099,-0.08571428571428572,-0.03056768558951965,-0.009433962264150943,-0.07352941176470588,-0.05921052631578947,-0.05476190476190476,-0.0625,-0.08461538461538462,-0.04826254826254826,-0.04716981132075472,-0.13846153846153847,-0.0847953216374269,-0.12450663796196627,-0.07894736842105263,-0.040880503144654086,-0.136,-0.019851116625310174,-0.037037037037037035,-0.29411764705882354,-0.20906949352179033,0,0.008928571428571428,-0.1878453038674033,-0.1543921916592724,0.005494505494505495,-0.125,35,229,106,272,760,420,416,260,518,424,65,342,2787,38,636,625,403,27,68,1698,20,112,362,2254,182,40,2014,4,0.8578348,24.34269,3.3,15370,3.6,74.306,1.767,62.0762,98.4,16.3,110.3165,102.6355,1.01811,1.148596,1.189409,0.5039557,20.54841,137.9776,75.55556,81.19585,2.22,8.788,1.882,560,643,0,0,1782,1782,3122,8423.405679822887,2139.326131765784,28603.78853347584,269,1782,0,560,0.1621497824261394,0.0017558592258951065,0.0083212458966333315
2014-05-01T00:00:00Z,-0.18580286508445584,14031,-0.07692307692307693,-0.028901734104046242,-0.1724137931034483,-0.19753086419753085,-0.1083223249669749,-0.05912596401028278,-0.13002364066193853,-0.17194570135746606,-0.1048951048951049,-0.10632911392405063,-0.12903225806451613,-0.13623188405797101,-0.2082018927444795,-0.07692307692307693,-0.09768211920529801,-0.23407407407407407,-0.04185022026431718,0,-0.4673913043478261,-0.28919071873231467,-0.15384615384615385,-0.0945945945945946,-0.33695652173913043,-0.208130081300813,-0.016304347826086956,-0.05263157894736842,39,173,58,324,757,389,423,221,572,395,62,345,3487,52,604,675,454,5,92,1767,13,74,368,2460,184,38,2014,5,0.8578348,24.34269,3.3,15370,3.6,74.306,1.767,62.0762,98.4,16.3,110.3165,102.6355,1.01811,1.148596,1.189409,0.5039557,20.54841,137.9776,75.55556,81.19585,2.22,8.788,1.882,669,789,0,0,2369,2369,4273,6226.1645641793175,1789.2384719549568,27711.808352932792,226,2369,0,669,0.15373102416078682,3.563537880407668e-4,0.00848122015537025
2014-06-01T00:00:00Z,-0.1589585474477561,5838,-0.09090909090909091,-0.05454545454545454,-0.019230769230769232,-0.1875,-0.1169811320754717,-0.07017543859649122,-0.1554054054054054,-0.19801980198019803,-0.14917127071823205,-0.1390728476821192,-0.18840579710144928,-0.10919540229885058,-0.1652892561983471,-0.14285714285714285,-0.14022140221402213,-0.21942446043165467,-0.043478260869565216,-0.25,-0.23684210526315788,-0.25773195876288657,0,-0.14285714285714285,-0.15584415584415584,-0.14470493128536782,-0.02702702702702703,0,22,55,52,96,265,171,148,101,181,151,69,174,1452,14,271,278,115,4,38,679,14,14,154,1237,74,9,2014,6,0.8578348,24.34269,3.3,15370,3.6,74.306,1.767,62.0762,98.4,16.3,110.3165,102.6355,1.01811,1.148596,1.189409,0.5039557,20.54841,137.9776,75.55556,81.19585,2.22,8.788,1.882,492,556,0,0,800,800,1646,5385.07416923604,1315.9340527577938,25518.43268242549,60,800,0,492,0.1778006166495375,1.7129153819801302e-4,0.011647824597464886
2014-07-01T00:00:00Z,-0.12758620689655173,6380,-0.0625,-0.0603448275862069,0,-0.11764705882352941,-0.0456989247311828,-0.016877637130801686,-0.09032258064516129,-0.10236220472440945,-0.058333333333333334,-0.05555555555555555,-0.0784313725490196,-0.1782178217821782,-0.14449696151249156,-0.05263157894736842,-0.07024793388429752,-0.12251655629139073,-0.03571428571428571,0,-0.4090909090909091,-0.18972895863052783,-0.14285714285714285,0,-0.18614718614718614,-0.16693548387096774,-0.02,-0.1111111111111111,32,116,39,119,372,237,155,127,240,198,51,202,1481,19,242,302,140,5,44,701,7,21,231,1240,50,9,2014,7,0.8578348,24.34269,3.3,15370,3.6,74.306,1.767,62.0762,98.4,16.3,110.3165,102.6355,1.01811,1.148596,1.189409,0.5039557,20.54841,137.9776,75.55556,81.19585,2.22,8.788,1.882,416,453,0,0,910,910,1756,6791.073354231975,1687.1438871473354,27416.39670846395,73,910,0,416,0.2213166144200627,0,0.007523510971786834
2014-08-01T00:00:00Z,-0.10547516037595106,6703,-0.16666666666666666,-0.04285714285714286,0.08163265306122448,-0.052980132450331126,-0.04666666666666667,-0.03669724770642202,-0.06532663316582915,-0.10185185185185185,-0.03626943005181347,-0.08152173913043478,-0.1875,-0.1232876712328767,-0.11827321111768184,-0.07692307692307693,-0.03745318352059925,-0.11498257839721254,-0.02857142857142857,0,-0.2857142857142857,-0.13442622950819672,0,-0.025,-0.16822429906542055,-0.1492842535787321,-0.03773584905660377,0.047619047619047616,12,70,49,151,450,218,199,108,193,184,32,146,1691,26,267,287,175,2,35,610,3,40,214,1467,53,21,2014,8,0.8578348,24.34269,3.3,15370,3.6,74.306,1.767,62.0762,98.4,16.3,110.3165,102.6355,1.01811,1.148596,1.189409,0.5039557,20.54841,137.9776,75.55556,81.19585,2.22,8.788,1.882,415,512,0,0,1070,1070,1947,6568.229897061017,1746.7058033716246,31045.59555422945,67,1070,0,415,0.20005967477248993,1.491869312248247e-4,0.0070117857675667614
2014-09-01T00:00:00Z,-0.15315873296761634,11302,-0.05128205128205128,-0.12605042016806722,-0.04938271604938271,-0.017123287671232876,-0.06576980568011959,-0.045346062052505964,-0.10869565217391304,-0.18779342723004694,-0.06331877729257641,-0.08504398826979472,-0.05454545454545454,-0.05181347150259067,-0.1989644970414201,-0.047619047619047616,-0.07945736434108527,-0.17419354838709677,-0.03498542274052478,-0.14285714285714285,-0.35106382978723405,-0.2854609929078014,0,-0.06976744186046512,-0.28440366972477066,-0.1596244131455399,-0.0196078431372549,-0.07692307692307693,39,119,81,292,669,419,230,213,458,341,55,193,2704,42,516,465,343,7,94,1128,12,86,436,2130,204,26,2014,9,0.8578348,24.34269,3.3,15370,3.6,74.306,1.767,62.0762,98.4,16.3,110.3165,102.6355,1.01811,1.148596,1.189409,0.5039557,20.54841,137.9776,75.55556,81.19585,2.22,8.788,1.882,667,757,0,0,1853,1853,3077,7670.088391435144,2141.6133427711907,28889.351619182446,103,1853,0,667,0.16333392319943374,8.847991505928154e-5,0.0056627145637940185
2014-10-01T00:00:00Z,-0.07220828530747847,14749,-0.09836065573770492,-0.0364963503649635,-0.0375,-0.03896103896103896,-0.048167539267015703,-0.027777777777777776,-0.04149377593360996,-0.06097560975609756,-0.03908045977011494,-0.04337899543378995,-0.04054054054054054,-0.07924528301886792,-0.08439620081411126,-0.02531645569620253,-0.03121852970795569,-0.08522727272727272,-0.023853211009174313,0,-0.3220338983050847,-0.12109744560075686,0,-0.022988505747126436,-0.15060240963855423,-0.09393491124260354,-0.019704433497536946,0,61,137,160,231,955,684,482,328,435,438,74,265,3685,79,993,704,545,7,59,1057,13,87,332,2704,203,31,2014,10,0.8578348,24.34269,3.3,15370,3.6,74.306,1.767,62.0762,98.4,16.3,110.3165,102.6355,1.01811,1.148596,1.189409,0.5039557,20.54841,137.9776,75.55556,81.19585,2.22,8.788,1.882,1038,1116,0,0,5175,5175,6980,7347.459759983728,1670.8568038511087,32909.33975184758,126,5175,0,1038,0.5081022442199471,1.3560241372296427e-4,0.010983795511560106
2014-11-01T00:00:00Z,-0.04669734704926908,14776,-0.0136986301369863,-0.01488095238095238,-0.007407407407407408,-0.06143344709897611,-0.012965964343598054,-0.01806451612903226,-0.03899721448467967,-0.06597222222222222,-0.016260162601626018,-0.019801980198019802,-0.014492753623188406,-0.03133903133903134,-0.06278669724770643,-0.04225352112676056,-0.017892644135188866,-0.04016620498614958,-0.01,0,-0.2553191489361702,-0.06759259259259259,0,-0.030927835051546393,-0.1423611111111111,-0.07590306355738455,-0.006289308176100629,0,73,336,135,293,1234,775,359,288,615,505,69,351,3488,71,1006,722,500,17,47,1080,38,97,288,2187,159,43,2014,11,0.8578348,24.34269,3.3,15370,3.6,74.306,1.767,62.0762,98.4,16.3,110.3165,102.6355,1.01811,1.148596,1.189409,0.5039557,20.54841,137.9776,75.55556,81.19585,2.22,8.788,1.882,421,489,0,0,2623,2623,4148,11905.35158364916,3509.59698159177,38701.92169734705,180,2623,0,421,0.2169057931781267,0,0.005278830536004331
2014-12-01T00:00:00Z,-0.06334841628959276,6630,-0.047619047619047616,-0.01904761904761905,0.027777777777777776,-0.056818181818181816,-0.0327455919395466,-0.0196078431372549,-0.015151515151515152,-0.08208955223880597,-0.046296296296296294,-0.0335195530726257,-0.1111111111111111,-0.06818181818181818,-0.06725755995828989,-0.06666666666666667,-0.04779411764705882,-0.04827586206896552,-0.018072289156626505,0,-0.13636363636363635,-0.07924528301886792,0,0,-0.13138686131386862,-0.10318142734307825,-0.04411764705882353,0.05555555555555555,21,105,72,176,397,306,132,134,216,179,27,132,1918,30,272,290,166,4,44,530,9,84,137,1163,68,18,2014,12,0.8578348,24.34269,3.3,15370,3.6,74.306,1.767,62.0762,98.4,16.3,110.3165,102.6355,1.01811,1.148596,1.189409,0.5039557,20.54841,137.9776,75.55556,81.19585,2.22,8.788,1.882,335,365,0,0,1346,1346,2041,7539.399547511312,2416.528959276018,38689.578280542984,76,1346,0,335,0.24223227752639517,0,0.004977375565610859
2015-01-01T00:00:00Z,-0.10974593919200333,4802,-0.05263157894736842,-0.04918032786885246,-0.05555555555555555,-0.1509433962264151,-0.08097165991902834,-0.01694915254237288,-0.0423728813559322,-0.11607142857142858,-0.05223880597014925,-0.019867549668874173,-0.12121212121212122,-0.1839080459770115,-0.1211667913238594,-0.09090909090909091,-0.07881773399014778,-0.12027491408934708,-0.024096385542168676,0,-0.3888888888888889,-0.17366946778711484,-0.23076923076923078,-0.14285714285714285,-0.10869565217391304,-0.11959798994974874,-0.05405405405405406,0,19,61,18,106,247,177,118,112,134,151,33,87,1337,22,203,291,83,2,36,357,13,21,138,995,37,4,2015,1,0.8459926,24.54951,3.9,14420,3.6,74.332,1.777,61.0878,98.2,15.9,109.1522,100.9205,1.01474,1.128069,1.170641,-3.545763,17.41163,125.6477,72.22223,81.9763,2.15,9.1081,1.882,450,470,0,0,976,976,1626,6236.827155351937,1368.3998334027488,34062.01541024573,29,976,0,450,0.24656393169512703,2.0824656393169514e-4,0.009371095376926281
2015-02-01T00:00:00Z,-0.07997545510329311,4889,0,0,-0.04878048780487805,-0.09615384615384616,-0.03125,-0.03333333333333333,0.046511627906976744,-0.07142857142857142,-0.025806451612903226,-0.0718954248366013,0,-0.10784313725490197,-0.0890625,-0.05555555555555555,-0.041666666666666664,-0.08156028368794327,0.010416666666666666,0,-0.10344827586206896,-0.12393162393162394,0,-0.014925373134328358,-0.1891891891891892,-0.10561797752808989,-0.034482758620689655,-0.1,10,62,41,104,256,210,129,98,155,153,40,102,1280,18,168,282,96,5,29,468,2,67,185,890,29,10,2015,2,0.8459926,24.54951,3.9,14420,3.6,74.332,1.777,61.0878,98.2,15.9,109.1522,100.9205,1.01474,1.128069,1.170641,-3.545763,17.41163,125.6477,72.22223,81.9763,2.15,9.1081,1.882,354,385,0,0,1248,1248,1877,6313.97013704234,1500.7089384332173,34146.315401922686,38,1248,0,354,0.33115156473716506,0,0.01063612190632031
2015-03-01T00:00:00Z,-0.07534584980237154,8096,-0.07142857142857142,-0.03676470588235294,0,-0.04090909090909091,-0.03632478632478633,-0.03864734299516908,-0.05970149253731343,-0.07166123778501629,-0.07317073170731707,-0.06639004149377593,-0.016666666666666666,-0.08783783783783784,-0.09170305676855896,-0.037037037037037035,-0.0654911838790932,-0.053763440860215055,-0.028169014084507043,0,-0.29411764705882354,-0.09216589861751152,0,0,-0.10759493670886076,-0.09716599190283401,-0.07692307692307693,0,28,136,84,220,468,414,268,307,205,241,60,148,2061,27,397,372,213,9,34,651,11,25,158,1482,65,12,2015,3,0.8459926,24.54951,3.9,14420,3.6,74.332,1.777,61.0878,98.2,15.9,109.1522,100.9205,1.01474,1.128069,1.170641,-3.545763,17.41163,125.6477,72.22223,81.9763,2.15,9.1081,1.882,468,533,0,0,1690,1690,2666,11295.866600790514,1320.0359436758893,37703.45046936759,127,1690,0,468,0.24666501976284586,2.4703557312252963e-4,0.0066699604743083
2015-04-01T00:00:00Z,-0.06964016965385142,7309,-0.1,-0.017543859649122806,0,-0.005154639175257732,-0.020100502512562814,-0.10786106032906764,-0.0481283422459893,-0.04895104895104895,-0.07734806629834254,-0.01282051282051282,-0.07547169811320754,-0.0872093023255814,-0.08448060075093868,-0.0625,-0.05555555555555555,-0.07621951219512195,-0.03,0,-0.2647058823529412,-0.08926673751328375,-0.06666666666666667,0.04081632653061224,-0.0821917808219178,-0.07547169811320754,-0.01818181818181818,0,20,114,41,194,398,547,187,143,181,234,53,172,1598,32,360,328,200,21,34,941,15,49,146,1219,55,27,2015,4,0.8459926,24.54951,3.9,14420,3.6,74.332,1.777,61.0878,98.2,15.9,109.1522,100.9205,1.01474,1.128069,1.170641,-3.545763,17.41163,125.6477,72.22223,81.9763,2.15,9.1081,1.882,376,440,0,0,1333,1333,2164,11269.920508961555,1665.1971541934602,39009.644274182516,131,1333,0,376,0.24777671364071693,4.104528663291832e-4,0.006840881105486387
2015-05-01T00:00:00Z,-0.10441378608155577,19643,-0.07792207792207792,-0.01832460732984293,-0.017316017316017316,-0.06378132118451026,-0.029271613342409804,-0.03956343792633015,-0.11485148514851486,-0.08379888268156424,-0.03710575139146568,-0.0546875,-0.005780346820809248,-0.12526096033402923,-0.12117319631770498,-0.10843373493975904,-0.05232558139534884,-0.13853658536585367,-0.012006861063464836,-0.025,-0.22857142857142856,-0.20392156862745098,0,-0.027777777777777776,-0.22243713733075435,-0.12872542802790107,-0.01171875,-0.02247191011235955,77,382,231,439,1469,733,505,358,539,768,173,479,4671,83,860,1025,583,40,35,2040,29,108,517,3154,256,89,2015,5,0.8459926,24.54951,3.9,14420,3.6,74.332,1.777,61.0878,98.2,15.9,109.1522,100.9205,1.01474,1.128069,1.170641,-3.545763,17.41163,125.6477,72.22223,81.9763,2.15,9.1081,1.882,743,904,4,4,3358,3358,5391,12743.399786183374,1884.885353561065,40255.43185867739,360,3358,4,743,0.20399124370004582,2.0363488265539887e-4,0.008349030188871355
2015-06-01T00:00:00Z,-0.1076276980173845,10239,-0.0967741935483871,-0.03260869565217391,-0.07865168539325842,-0.0918918918918919,-0.03522205206738132,-0.03076923076923077,-0.0990990990990991,-0.1511627906976744,-0.05309734513274336,-0.04843304843304843,-0.05747126436781609,-0.12440191387559808,-0.12917505030181087,-0.10526315789473684,-0.03984575835475578,-0.139186295503212,-0.03461538461538462,0,-0.09523809523809523,-0.228486646884273,0,-0.125,-0.20242914979757085,-0.11373011196228638,0,0,62,184,89,185,653,455,222,172,339,351,87,209,2485,57,778,467,260,9,21,1011,13,56,247,1697,91,39,2015,6,0.8459926,24.54951,3.9,14420,3.6,74.332,1.777,61.0878,98.2,15.9,109.1522,100.9205,1.01474,1.128069,1.170641,-3.545763,17.41163,125.6477,72.22223,81.9763,2.15,9.1081,1.882,439,483,51,51,1712,1712,2885,9899.255884363707,1627.5941009864246,70631.15567926555,151,1712,51,439,0.16319953120421915,0.008399257740013672,0.008008594589315363
2015-07-01T00:00:00Z,-0.10835214446952596,8860,-0.08333333333333333,-0.11235955056179775,-0.1,-0.11920529801324503,-0.06263498920086392,-0.06206896551724138,-0.12571428571428572,-0.08982035928143713,-0.04878048780487805,-0.06995884773662552,-0.125,-0.08333333333333333,-0.1138121546961326,-0.11764705882352941,-0.09448818897637795,-0.10242587601078167,-0.05027932960893855,0,-0.25,-0.1373134328358209,0,0.02857142857142857,-0.17261904761904762,-0.12525252525252525,-0.017241379310344827,0,36,89,50,151,463,290,175,167,328,243,24,156,2715,34,254,371,179,2,32,1340,5,35,168,1485,58,10,2015,7,0.8459926,24.54951,3.9,14420,3.6,74.332,1.777,61.0878,98.2,15.9,109.1522,100.9205,1.01474,1.128069,1.170641,-3.545763,17.41163,125.6477,72.22223,81.9763,2.15,9.1081,1.882,572,687,52,52,1588,1588,3012,12175.77505643341,2606.63769751693,86571.22505643341,130,1588,52,572,0.23239277652370202,0.01038374717832957,0.00891647855530474
2015-08-01T00:00:00Z,-0.07048272962937013,14273,-0.07017543859649122,-0.025454545454545455,-0.03125,-0.025078369905956112,-0.023809523809523808,-0.007936507936507936,-0.026737967914438502,-0.07216494845360824,-0.0256797583081571,-0.037825059101654845,-0.031578947368421054,-0.06,-0.061224489795918366,0,-0.02177068214804064,-0.05333333333333334,-0.0025974025974025974,0,-0.16666666666666666,-0.23146666666666665,-0.09090909090909091,-0.02040816326530612,-0.05829596412556054,-0.07142857142857142,0.0049504950495049506,0,57,275,96,319,924,504,374,291,662,423,95,250,3724,64,689,600,385,13,18,1875,22,49,223,2072,202,67,2015,8,0.8459926,24.54951,3.9,14420,3.6,74.332,1.777,61.0878,98.2,15.9,109.1522,100.9205,1.01474,1.128069,1.170641,-3.545763,17.41163,125.6477,72.22223,81.9763,2.15,9.1081,1.882,508,605,120,120,2877,2877,4426,12610.867652210467,1823.0161143417643,97993.54396412808,291,2877,120,508,0.23618020037833673,0.014222658165767533,0.004904364884747425
2015-09-01T00:00:00Z,-0.07308036284655679,7827,-0.04,-0.0136986301369863,0.017543859649122806,-0.06763285024154589,-0.05393258426966292,-0.05106382978723404,-0.05732484076433121,-0.06532663316582915,-0.06060606060606061,-0.04797047970479705,-0.08888888888888889,-0.11515151515151516,-0.07354733848029256,-0.08823529411764706,-0.044186046511627906,-0.08469055374592833,-0.0163265306122449,0,-0.2,-0.11992945326278659,0,-0.046511627906976744,-0.12582781456953643,-0.09819967266775777,0,-0.043478260869565216,50,146,57,207,445,235,157,199,231,271,45,165,2461,34,430,307,245,5,20,567,13,43,151,1222,98,23,2015,9,0.8459926,24.54951,3.9,14420,3.6,74.332,1.777,61.0878,98.2,15.9,109.1522,100.9205,1.01474,1.128069,1.170641,-3.545763,17.41163,125.6477,72.22223,81.9763,2.15,9.1081,1.882,358,390,58,58,1455,1455,2462,9908.45790213364,1024.9694646735659,82952.18359524722,110,1455,58,358,0.18180656701162642,0.009326689663983647,0.005366040628593331
2015-10-01T00:00:00Z,-0.08923180140892319,5962,-0.1111111111111111,-0.036585365853658534,-0.037037037037037035,-0.1111111111111111,-0.06907894736842106,-0.01935483870967742,-0.060109289617486336,-0.03954802259887006,-0.023809523809523808,-0.047619047619047616,0,-0.06956521739130435,-0.09733606557377049,-0.03333333333333333,-0.0730593607305936,-0.1322314049586777,-0.031496062992125984,-0.4,-0.21428571428571427,-0.1292372881355932,0,-0.08928571428571429,-0.11304347826086956,-0.11142061281337047,-0.07894736842105263,0,27,82,54,117,304,155,183,177,168,147,51,115,1952,30,219,242,127,5,14,472,21,56,115,1077,38,14,2015,10,0.8459926,24.54951,3.9,14420,3.6,74.332,1.777,61.0878,98.2,15.9,109.1522,100.9205,1.01474,1.128069,1.170641,-3.545763,17.41163,125.6477,72.22223,81.9763,2.15,9.1081,1.882,396,429,64,64,1572,1572,2301,15834.756457564576,2100.8939953035892,72405.31516269708,101,1572,64,396,0.3317678631331768,0.014927876551492787,0.007044615900704461
2015-11-01T00:00:00Z,-0.08698181818181819,6875,-0.25,-0.03508771929824561,-0.042105263157894736,-0.07407407407407407,-0.05029585798816568,-0.05166051660516605,-0.17857142857142858,-0.15447154471544716,-0.040983606557377046,-0.028985507246376812,-0.037037037037037035,-0.08620689655172414,-0.11604095563139932,-0.038461538461538464,-0.01694915254237288,-0.07425742574257425,-0.05789473684210526,0.2,-0.15384615384615385,-0.1252847380410023,0,-0.02040816326530612,-0.19767441860465115,-0.13043478260869565,-0.05263157894736842,0,28,57,95,108,338,271,84,123,244,276,27,116,2051,26,1003,202,190,5,13,439,39,49,86,966,19,20,2015,11,0.8459926,24.54951,3.9,14420,3.6,74.332,1.777,61.0878,98.2,15.9,109.1522,100.9205,1.01474,1.128069,1.170641,-3.545763,17.41163,125.6477,72.22223,81.9763,2.15,9.1081,1.882,320,397,43,43,1088,1088,2162,5865.897163636364,1969.2107636363637,72257.16989090909,67,1088,43,320,0.10647272727272727,0.008,0.0032
2015-12-01T00:00:00Z,-0.050576923076923075,10400,-0.14285714285714285,-0.012987012987012988,-0.057692307692307696,-0.04700854700854701,-0.016129032258064516,-0.01871657754010695,-0.04659498207885305,-0.018018018018018018,-0.034759358288770054,-0.029612756264236904,-0.0975609756097561,-0.07065217391304347,-0.06493055555555556,-0.05,-0.02727272727272727,-0.07871720116618076,-0.026415094339622643,0,-0.16666666666666666,-0.0880503144654088,-0.0196078431372549,-0.02,-0.06282722513089005,-0.05552725420275089,-0.011235955056179775,-0.037037037037037035,35,154,104,234,744,374,279,222,374,439,41,184,2880,40,660,343,265,15,6,636,51,50,191,1963,89,27,2015,12,0.8459926,24.54951,3.9,14420,3.6,74.332,1.777,61.0878,98.2,15.9,109.1522,100.9205,1.01474,1.128069,1.170641,-3.545763,17.41163,125.6477,72.22223,81.9763,2.15,9.1081,1.882,443,648,122,122,3130,3130,4382,17375.830673076922,2552.6125,92241.00375,137,3130,122,443,0.2882692307692308,0.02519230769230769,0.008557692307692308
2016-01-01T00:00:00Z,-0.08155650319829424,9380,-0.16666666666666666,-0.056910569105691054,-0.057692307692307696,-0.04864864864864865,-0.06495726495726496,-0.017006802721088437,-0.046153846153846156,-0.05855855855855856,-0.05367231638418079,-0.06772908366533864,-0.04878048780487805,-0.12716763005780346,-0.09640905542544886,-0.06896551724137931,-0.05921052631578947,-0.0945945945945946,-0.022364217252396165,0,-0.17647058823529413,-0.11696869851729819,0,-0.027777777777777776,-0.08376963350785341,-0.09870388833499502,0,-0.06896551724137931,36,123,52,185,585,294,325,222,354,251,41,173,2562,29,456,370,313,6,17,607,31,36,191,2006,86,29,2016,1,0.8112565,24.74948,4.7,13910,3.3,74.442,1.709,60.0994,98.6,16.7,108.7578,102.5695,1.00854,1.171348,1.127882,-3.275917,14.96955,117.987,76.66667,82.6904,2.11,9.351,1.882,554,668,145,145,2634,2634,3938,20452.58049040512,1817.8945628997867,80219.72302771854,151,2634,145,554,0.335181236673774,0.03795309168443497,0.010341151385927505
2016-02-01T00:00:00Z,-0.07187024835276229,9865,-0.2,0.009433962264150943,-0.0375,-0.08585858585858586,-0.04585798816568047,-0.03076923076923077,-0.054989816700611,-0.08379888268156424,-0.035398230088495575,-0.08362369337979095,-0.04878048780487805,-0.08641975308641975,-0.09338205440519691,0,-0.03103448275862069,-0.05995203836930456,-0.04,0,-0.125,-0.1062215477996965,-0.023809523809523808,-0.0625,-0.11016949152542373,-0.07810253953042645,-0.028985507246376812,-0.018518518518518517,25,106,80,198,676,325,491,179,339,287,41,162,2463,30,580,417,275,4,8,659,42,32,236,2087,69,54,2016,2,0.8112565,24.74948,4.7,13910,3.3,74.442,1.709,60.0994,98.6,16.7,108.7578,102.5695,1.00854,1.171348,1.127882,-3.275917,14.96955,117.987,76.66667,82.6904,2.11,9.351,1.882,616,703,165,165,2829,2829,4015,25581.201419158642,2769.458084135834,102243.78469336036,252,2829,165,616,0.35884439939178914,0.03243791180942727,0.007197161682716675
2016-03-01T00:00:00Z,-0.07721259124087591,8768,-0.14285714285714285,-0.03260869565217391,-0.038461538461538464,-0.024539877300613498,-0.030874785591766724,-0.03333333333333333,-0.07326007326007326,-0.16891891891891891,-0.01652892561983471,-0.025210084033613446,-0.09375,-0.12345679012345678,-0.10327357755261107,0,-0.02696629213483146,-0.07282913165266107,-0.0049504950495049506,0,-0.1,-0.1280388978930308,-0.022222222222222223,0,-0.13488372093023257,-0.07988826815642458,-0.024096385542168676,-0.038461538461538464,21,92,52,163,583,210,273,148,363,238,32,162,2566,26,445,357,202,3,10,617,45,46,215,1790,83,26,2016,3,0.8112565,24.74948,4.7,13910,3.3,74.442,1.709,60.0994,98.6,16.7,108.7578,102.5695,1.00854,1.171348,1.127882,-3.275917,14.96955,117.987,76.66667,82.6904,2.11,9.351,1.882,518,591,156,156,2440,2440,3428,23720.58884580292,2374.8097627737225,108275.0956888686,216,2440,156,518,0.35492700729927007,0.02155565693430657,0.007071167883211679
2016-04-01T00:00:00Z,-0.09729287790697674,33024,-0.06896551724137931,-0.0367170626349892,-0.07653061224489796,-0.07021276595744681,-0.050412021328162866,-0.02358974358974359,-0.15147783251231528,-0.1408695652173913,-0.03714859437751004,-0.0725,-0.08064516129032258,-0.11155378486055777,-0.09536317953403381,-0.056818181818181816,-0.04809384164222874,-0.09151291512915129,-0.014396456256921373,0,-0.1206896551724138,-0.17467480753915582,-0.008583690987124463,-0.022388059701492536,-0.15366146458583432,-0.13178018851147075,-0.00784313725490196,0,58,463,392,470,2063,975,812,575,1992,800,124,502,8756,88,1705,1355,903,25,58,3767,233,134,833,5623,255,63,2016,4,0.8112565,24.74948,4.7,13910,3.3,74.442,1.709,60.0994,98.6,16.7,108.7578,102.5695,1.00854,1.171348,1.127882,-3.275917,14.96955,117.987,76.66667,82.6904,2.11,9.351,1.882,1403,1906,647,647,6141,6141,10697,16542.997759205427,1981.4161216085272,169699.7714692345,730,6141,647,1403,0.22774345930232556,0.03230983527131783,0.009538517441860465
2016-05-01T00:00:00Z,-0.1476089785296031,24592,-0.1774193548387097,-0.054901960784313725,-0.0196078431372549,-0.12406947890818859,-0.07534246575342465,-0.06318347509113001,-0.15346534653465346,-0.14814814814814814,-0.05134474327628362,-0.06980273141122914,-0.1111111111111111,-0.16735537190082644,-0.16851201728328383,-0.09523809523809523,-0.08729281767955802,-0.18153846153846154,-0.04631217838765009,0,-0.3142857142857143,-0.23630726834309335,-0.0111731843575419,-0.022556390977443608,-0.24081632653061225,-0.17742857142857144,-0.017937219730941704,-0.05,62,255,102,403,1314,823,606,675,1636,659,108,484,7406,84,905,975,583,9,35,2903,179,133,490,3500,223,40,2016,5,0.8112565,24.74948,4.7,13910,3.3,74.442,1.709,60.0994,98.6,16.7,108.7578,102.5695,1.00854,1.171348,1.127882,-3.275917,14.96955,117.987,76.66667,82.6904,2.11,9.351,1.882,1334,1878,798,798,3647,3647,7303,12286.031595640858,2011.778627195836,190218.77728529603,438,3647,798,1334,0.19693396226415094,0.03635328562134028,0.012443070917371502
2016-06-01T00:00:00Z,-0.11113414886999792,9646,-0.13793103448275862,-0.0410958904109589,-0.10526315789473684,-0.08783783783783784,-0.06651884700665188,-0.041666666666666664,-0.14767932489451477,-0.12058823529411765,-0.051075268817204304,-0.06808510638297872,-0.16666666666666666,-0.10849056603773585,-0.10504074856625414,-0.17857142857142858,-0.07602339181286549,-0.11688311688311688,-0.046242774566473986,0,-0.08695652173913043,-0.1665443873807777,-0.04838709677419355,-0.09259259259259259,-0.1419753086419753,-0.1331845238095238,-0.11538461538461539,0,58,73,38,148,451,240,237,340,372,235,30,212,3313,28,342,308,173,3,23,1363,62,54,162,1344,26,11,2016,6,0.8112565,24.74948,4.7,13910,3.3,74.442,1.709,60.0994,98.6,16.7,108.7578,102.5695,1.00854,1.171348,1.127882,-3.275917,14.96955,117.987,76.66667,82.6904,2.11,9.351,1.882,538,614,171,171,1513,1513,2878,14499.764150943396,2868.658511300021,116837.19728384823,202,1513,171,538,0.17976363259382128,0.022392701637984656,0.006116524984449513
2016-07-01T00:00:00Z,-0.1032258064516129,8680,-0.2,-0.012987012987012988,-0.05084745762711865,-0.04294478527607362,-0.07128309572301425,-0.023076923076923078,-0.16544117647058823,-0.15,-0.06376811594202898,-0.0967741935483871,0,-0.0898876404494382,-0.10806174957118353,-0.2222222222222222,-0.05934718100890208,-0.07932011331444759,-0.057803468208092484,0,-0.3125,-0.1478029294274301,0,0,-0.20987654320987653,-0.12074716477651767,-0.024390243902439025,0,20,77,59,163,491,260,272,200,345,186,54,178,2915,18,337,353,173,10,16,751,32,43,162,1499,41,25,2016,7,0.8112565,24.74948,4.7,13910,3.3,74.442,1.709,60.0994,98.6,16.7,108.7578,102.5695,1.00854,1.171348,1.127882,-3.275917,14.96955,117.987,76.66667,82.6904,2.11,9.351,1.882,479,531,153,153,1725,1725,2750,15416.74228110599,2962.883755760369,90060.83179723502,174,1725,153,479,0.18052995391705068,0.016935483870967744,0.008294930875576038
2016-08-01T00:00:00Z,-0.09741170470483233,7843,-0.16666666666666666,-0.043478260869565216,0.13636363636363635,-0.028169014084507043,-0.05322128851540616,-0.055944055944055944,-0.1341991341991342,-0.1553398058252427,-0.030054644808743168,-0.07222222222222222,-0.1111111111111111,-0.1393188854489164,-0.10397794407246948,0,-0.09166666666666666,-0.12064343163538874,-0.014285714285714285,0,-0.26666666666666666,-0.13114754098360656,-0.0196078431372549,-0.05,-0.12605042016806722,-0.09893550407013149,-0.13043478260869565,0,12,69,22,142,357,143,231,206,366,180,36,323,2539,16,240,373,140,4,15,610,51,20,119,1597,23,9,2016,8,0.8112565,24.74948,4.7,13910,3.3,74.442,1.709,60.0994,98.6,16.7,108.7578,102.5695,1.00854,1.171348,1.127882,-3.275917,14.96955,117.987,76.66667,82.6904,2.11,9.351,1.882,481,516,202,202,1326,1326,2121,17569.65867652684,1657.6494963661864,122512.10888690552,149,1326,202,481,0.16855794976412086,0.028432997577457604,0.00675761825831952
2016-09-01T00:00:00Z,-0.1412115353632995,12414,-0.17073170731707318,-0.07894736842105263,-0.12244897959183673,-0.041666666666666664,-0.08386075949367089,-0.13780918727915195,-0.166351606805293,-0.16083916083916083,-0.04103671706263499,-0.10507246376811594,-0.21212121212121213,-0.2166172106824926,-0.14704545454545453,0,-0.09787234042553192,-0.13654618473895583,-0.075,0,-0.375,-0.15701668302257116,-0.0425531914893617,-0.04878048780487805,-0.14522821576763487,-0.19331872946330778,-0.044444444444444446,0,41,76,49,288,632,283,529,429,463,276,33,337,4400,29,470,498,320,3,16,1019,47,41,241,1826,45,23,2016,9,0.8112565,24.74948,4.7,13910,3.3,74.442,1.709,60.0994,98.6,16.7,108.7578,102.5695,1.00854,1.171348,1.127882,-3.275917,14.96955,117.987,76.66667,82.6904,2.11,9.351,1.882,694,730,242,242,2351,2351,3573,14750.861688416304,2239.982358627356,85873.73288222974,277,2351,242,694,0.2510874818753021,0.03286611889801837,0.00934428870629934
2016-10-01T00:00:00Z,-0.20167189132706373,7656,-0.11428571428571428,-0.11940298507462686,-0.1794871794871795,-0.2131979695431472,-0.1791044776119403,-0.21524663677130046,-0.22672064777327935,-0.2204724409448819,-0.09395973154362416,-0.21904761904761905,-0.1320754716981132,-0.15079365079365079,-0.18297101449275363,-0.25,-0.20553359683794467,-0.24436090225563908,-0.16847826086956522,0,-0.3,-0.20404411764705882,-0.027777777777777776,0,-0.20168067226890757,-0.2801498127340824,-0.10526315789473684,-0.21428571428571427,35,67,39,197,402,223,247,127,298,210,53,126,2760,24,253,266,184,1,10,544,36,48,119,1335,38,14,2016,10,0.8112565,24.74948,4.7,13910,3.3,74.442,1.709,60.0994,98.6,16.7,108.7578,102.5695,1.00854,1.171348,1.127882,-3.275917,14.96955,117.987,76.66667,82.6904,2.11,9.351,1.882,518,557,160,160,1287,1287,2106,12797.81948798328,1310.8380355276906,124440.57993730408,128,1287,160,518,0.16823406478578892,0.017502612330198536,0.007053291536050157
2016-11-01T00:00:00Z,-0.15708812260536398,6264,-0.125,-0.1794871794871795,-0.04,-0.1574074074074074,-0.13108614232209737,-0.08181818181818182,-0.14207650273224043,-0.1895734597156398,-0.05653710247349823,-0.1095890410958904,-0.0851063829787234,-0.112,-0.16988062442607896,-0.04878048780487805,-0.1507537688442211,-0.2087378640776699,-0.09016393442622951,0,-0.2222222222222222,-0.14432989690721648,-0.058823529411764705,-0.09523809523809523,-0.20754716981132076,-0.21816283924843424,-0.2222222222222222,-0.05,24,39,75,108,267,220,183,211,283,292,47,125,2178,41,199,206,122,1,9,485,17,21,106,958,27,20,2016,11,0.8112565,24.74948,4.7,13910,3.3,74.442,1.709,60.0994,98.6,16.7,108.7578,102.5695,1.00854,1.171348,1.127882,-3.275917,14.96955,117.987,76.66667,82.6904,2.11,9.351,1.882,500,524,204,204,1227,1227,1922,13026.054118773945,1715.9136334610473,138790.71184546614,88,1227,204,500,0.23946360153256704,0.014527458492975735,0.009418901660280971
2016-12-01T00:00:00Z,-0.1240144896654592,4693,-0.15,0,-0.1111111111111111,-0.060240963855421686,-0.08870967741935484,-0.034482758620689655,-0.11347517730496454,-0.16551724137931034,-0.06451612903225806,-0.06593406593406594,-0.15384615384615385,-0.11235955056179775,-0.14002478314745972,-0.09090909090909091,-0.062111801242236024,-0.06565656565656566,-0.023255813953488372,0,-0.2222222222222222,-0.18666666666666668,0,-0.09090909090909091,-0.14018691588785046,-0.15643802647412755,-0.025,0,20,27,18,83,248,87,141,145,155,182,26,89,1614,11,161,198,86,2,9,375,9,11,107,831,40,18,2016,12,0.8112565,24.74948,4.7,13910,3.3,74.442,1.709,60.0994,98.6,16.7,108.7578,102.5695,1.00854,1.171348,1.127882,-3.275917,14.96955,117.987,76.66667,82.6904,2.11,9.351,1.882,448,470,143,143,932,932,1585,12822.398252716812,2091.1289154059236,78126.32644363947,67,932,143,448,0.2277860643511613,0.018964415086298744,0.010014915832090347
2017-01-01T00:00:00Z,-0.12047866946115882,14791,-0.125,-0.07142857142857142,-0.029850746268656716,-0.07722007722007722,-0.12,-0.03007518796992481,-0.09813874788494077,-0.15937803692905733,-0.085,-0.016260162601626018,-0.08108108108108109,-0.1210762331838565,-0.14926209602092286,-0.14893617021276595,-0.04460093896713615,-0.10904255319148937,-0.03501945525291829,0,-0.2857142857142857,-0.14940828402366865,-0.09523809523809523,-0.037037037037037035,-0.11934156378600823,-0.11454637607704005,-0.024691358024691357,-0.07692307692307693,48,112,67,259,1475,266,591,1029,600,492,74,223,5353,47,426,376,257,8,28,676,21,27,243,1973,81,39,2017,1,0.7922634,24.94633,5.3,14210,3.2,74.827,1.736,59.111,98.7,15.4,109.8085,103.016,1.00513,1.160219,1.102097,1.322869,14.62559,106.1218,74.44443,83.52582,2.09,9.737,2.1652,1006,1087,313,313,3228,3228,4614,31769.78412548171,1581.8918937191536,117776.42154012575,523,3228,313,1006,0.28395646000946523,0.028733689405719694,0.014738692448110336
2017-02-01T00:00:00Z,-0.14014560582423297,11538,-0.2857142857142857,-0.058823529411764705,-0.029411764705882353,-0.13768115942028986,-0.11837237977805179,-0.06403940886699508,-0.1111111111111111,-0.17657657657657658,-0.05239179954441914,-0.08278145695364239,-0.023809523809523808,-0.15789473684210525,-0.1644678979771328,-0.11764705882352941,-0.07714285714285714,-0.13898305084745763,-0.07909604519774012,-0.3333333333333333,-0.16666666666666666,-0.14361702127659576,0,-0.2,-0.1282051282051282,-0.13905133203378817,-0.02564102564102564,0,28,68,34,138,811,203,396,1110,439,302,42,171,4548,34,350,295,177,3,36,564,16,15,156,1539,39,24,2017,2,0.7922634,24.94633,5.3,14210,3.2,74.827,1.736,59.111,98.7,15.4,109.8085,103.016,1.00513,1.160219,1.102097,1.322869,14.62559,106.1218,74.44443,83.52582,2.09,9.737,2.1652,754,818,238,238,2365,2365,3409,16529.696307852315,1373.7776911076444,120245.55382215288,285,2365,238,754,0.28523140925637025,0.02062749176633732,0.013260530421216849
2017-03-01T00:00:00Z,-0.14786551294741213,31319,-0.08196721311475409,-0.040229885057471264,-0.08974358974358974,-0.023333333333333334,-0.06893617021276596,-0.019002375296912115,-0.06447534766118837,-0.2043906131718395,-0.03722084367245657,-0.054104477611940295,-0.07692307692307693,-0.15567765567765568,-0.1837661037313931,-0.05970149253731343,-0.06315789473684211,-0.08595988538681948,-0.0486322188449848,0,-0.17721518987341772,-0.09640666082383874,-0.041666666666666664,-0.14473684210526316,-0.0776255707762557,-0.07564356435643564,-0.07352941176470588,0,61,174,78,300,1175,421,791,5284,806,536,78,546,14981,67,570,698,329,8,79,1141,24,76,438,2525,68,65,2017,3,0.7922634,24.94633,5.3,14210,3.2,74.827,1.736,59.111,98.7,15.4,109.8085,103.016,1.00513,1.160219,1.102097,1.322869,14.62559,106.1218,74.44443,83.52582,2.09,9.737,2.1652,1495,1620,474,474,9765,9765,11766,14725.954915546474,1132.9854401481527,91622.40563236373,552,9765,474,1495,0.21159679427823366,0.019828219291803697,0.0099939333950637
2017-04-01T00:00:00Z,-0.12735696085244383,21585,-0.038461538461538464,-0.011857707509881422,-0.06796116504854369,-0.04833836858006042,-0.0436241610738255,-0.038288288288288286,-0.08199121522693997,-0.1736111111111111,-0.04288939051918736,-0.046296296296296294,-0.021505376344086023,-0.1478494623655914,-0.17181859205776173,-0.016129032258064516,-0.06929133858267716,-0.15902140672782875,-0.04987531172069826,0,-0.26666666666666666,-0.16686182669789226,-0.15625,0,-0.08179012345679013,-0.11208875286916603,-0.030612244897959183,0,52,253,103,331,1192,444,683,720,886,540,93,372,8864,62,635,654,401,18,75,1708,32,53,648,2614,98,54,2017,4,0.7922634,24.94633,5.3,14210,3.2,74.827,1.736,59.111,98.7,15.4,109.8085,103.016,1.00513,1.160219,1.102097,1.322869,14.62559,106.1218,74.44443,83.52582,2.09,9.737,2.1652,940,1101,398,398,6548,6548,8022,15965.211767431087,1649.5296270558258,110378.55770210795,530,6548,398,940,0.22024554088487375,0.018392402131109566,0.007690525828121381
2017-05-01T00:00:00Z,-0.1666007297024045,22749,-0.13253012048192772,-0.05019305019305019,-0.09848484848484848,-0.1383495145631068,-0.10414657666345227,-0.03527336860670194,-0.19363395225464192,-0.19960474308300397,-0.039634146341463415,-0.08203677510608204,-0.104,-0.1524390243902439,-0.20283576211106735,-0.12162162162162163,-0.08333333333333333,-0.21709633649932158,-0.07472178060413355,-0.14285714285714285,-0.35294117647058826,-0.23525046382189238,-0.0851063829787234,-0.027777777777777776,-0.13548387096774195,-0.18334985133795836,-0.013513513513513514,-0.03896103896103896,83,259,132,412,1037,567,754,506,984,707,125,492,7617,74,936,737,629,14,34,2695,47,36,620,3027,148,77,2017,5,0.7922634,24.94633,5.3,14210,3.2,74.827,1.736,59.111,98.7,15.4,109.8085,103.016,1.00513,1.160219,1.102097,1.322869,14.62559,106.1218,74.44443,83.52582,2.09,9.737,2.1652,1178,1241,535,535,4821,4821,6515,15671.697349334036,1127.6005099125236,128765.00707723416,693,4821,535,1178,0.2541210602663853,0.02822102070420678,0.012440107257461867
2017-06-01T00:00:00Z,-0.18266714251724958,16812,-0.08571428571428572,-0.03496503496503497,-0.02586206896551724,-0.11524163568773234,-0.11282843894899536,-0.040152963671128104,-0.20440251572327045,-0.20842572062084258,-0.14719626168224298,-0.0946843853820598,-0.11392405063291139,-0.1724137931034483,-0.24544517016156756,-0.06896551724137931,-0.11919504643962849,-0.15810276679841898,-0.044642857142857144,-0.14285714285714285,-0.21052631578947367,-0.26681614349775784,0,-0.20454545454545456,-0.16463414634146342,-0.1309004363347878,-0.01834862385321101,-0.020833333333333332,70,143,116,269,647,523,636,451,428,602,79,377,5818,58,646,506,336,21,38,1784,50,44,492,2521,109,48,2017,6,0.7922634,24.94633,5.3,14210,3.2,74.827,1.736,59.111,98.7,15.4,109.8085,103.016,1.00513,1.160219,1.102097,1.322869,14.62559,106.1218,74.44443,83.52582,2.09,9.737,2.1652,1227,1285,411,411,3843,3843,5398,20486.900249821556,1769.9085772067572,49194.66482274566,449,3843,411,1227,0.24530097549369498,0.02575541280038068,0.014810849393290507
2017-07-01T00:00:00Z,-0.16627987932234858,8618,-0.27906976744186046,-0.10344827586206896,-0.14285714285714285,-0.1,-0.10927152317880795,-0.04294478527607362,-0.09615384615384616,-0.2345132743362832,-0.13142857142857142,-0.08755760368663594,-0.07142857142857142,-0.1340782122905028,-0.2077593477649705,-0.25925925925925924,-0.1069182389937107,-0.17120622568093385,-0.13846153846153847,0,-0.275,-0.18456883509833585,-0.11538461538461539,-0.21052631578947367,-0.1188118811881188,-0.13417052214144085,-0.03333333333333333,-0.08571428571428572,43,58,28,110,302,163,260,226,175,217,42,179,3557,27,318,257,130,0,40,661,26,19,202,1513,30,35,2017,7,0.7922634,24.94633,5.3,14210,3.2,74.827,1.736,59.111,98.7,15.4,109.8085,103.016,1.00513,1.160219,1.102097,1.322869,14.62559,106.1218,74.44443,83.52582,2.09,9.737,2.1652,786,820,295,295,1785,1785,2772,20289.440705500114,1246.1152239498724,38267.096310048735,267,1785,295,786,0.23532142028312833,0.02227895103272221,0.012415873752610815
2017-08-01T00:00:00Z,0.00795519633424553,15713,0.13414634146341464,0,-0.06521739130434782,0.1794871794871795,0.030303030303030304,0.06097560975609756,0.0594059405940594,-0.06618962432915922,0.03526448362720403,0.1,0,-0.026627218934911243,-0.03300263211176351,-0.05263157894736842,0.08605851979345955,0.04663923182441701,0.07264957264957266,0,-0.21052631578947367,-0.07597073719752391,-0.1,0.20408163265306123,0.09885931558935361,0.041788856304985335,0.01818181818181818,0.13157894736842105,82,120,92,312,594,328,606,559,397,720,69,338,4939,57,581,729,234,7,19,1777,20,49,263,2728,55,38,2017,8,0.7922634,24.94633,5.3,14210,3.2,74.827,1.736,59.111,98.7,15.4,109.8085,103.016,1.00513,1.160219,1.102097,1.322869,14.62559,106.1218,74.44443,83.52582,2.09,9.737,2.1652,917,953,328,328,7472,7472,8562,11137.617959651245,996.0805065869025,38245.7543435372,252,7472,328,917,0.8739260484948769,0.03710303570292115,0.013237446700184561
2017-09-01T00:00:00Z,-0.13014469453376207,12440,-0.09090909090909091,-0.020202020202020204,0,-0.13274336283185842,-0.07167832167832168,-0.0411522633744856,-0.08108108108108109,-0.1918238993710692,-0.11586901763224182,-0.12457337883959044,-0.07936507936507936,-0.1388888888888889,-0.15868198569260786,-0.12,-0.10579345088161209,-0.13734939759036144,-0.09130434782608696,0,-0.3076923076923077,-0.14937759336099585,-0.09302325581395349,0,-0.13736263736263737,-0.11566018423746162,-0.07446808510638298,-0.033707865168539325,55,99,66,226,572,243,444,318,397,586,63,252,4613,50,397,415,230,9,26,964,43,53,182,1954,94,89,2017,9,0.7922634,24.94633,5.3,14210,3.2,74.827,1.736,59.111,98.7,15.4,109.8085,103.016,1.00513,1.160219,1.102097,1.322869,14.62559,106.1218,74.44443,83.52582,2.09,9.737,2.1652,1065,1097,413,413,3363,3363,4664,17688.040594855305,1485.564147909968,36151.23191318328,363,3363,413,1065,0.40635048231511256,0.033681672025723475,0.01495176848874598
2017-10-01T00:00:00Z,-0.14285714285714285,9254,-0.14285714285714285,-0.03571428571428571,0,-0.07100591715976332,-0.08304498269896193,-0.031007751937984496,-0.16299559471365638,-0.19727891156462585,-0.12444444444444444,-0.07407407407407407,-0.06976744186046512,-0.1588785046728972,-0.1672799320690631,-0.047619047619047616,-0.13402061855670103,-0.1572700296735905,-0.04460966542750929,0,-0.1,-0.22586206896551725,0,-0.029411764705882353,-0.16494845360824742,-0.12685873605947956,-0.10810810810810811,-0.14285714285714285,21,56,29,169,289,129,227,147,225,270,43,214,3533,21,291,337,269,2,20,580,41,34,97,2152,37,21,2017,10,0.7922634,24.94633,5.3,14210,3.2,74.827,1.736,59.111,98.7,15.4,109.8085,103.016,1.00513,1.160219,1.102097,1.322869,14.62559,106.1218,74.44443,83.52582,2.09,9.737,2.1652,836,877,274,274,1954,1954,2998,21734.564188459044,1176.6001728982062,38601.00097255241,226,1954,274,836,0.19559109574238168,0.029068510914199267,0.015560838556299979
2017-11-01T00:00:00Z,-0.08448275862068966,9280,0.025,0.02564102564102564,-0.011494252873563218,0.010256410256410256,-0.05974025974025974,0.05303030303030303,-0.03217821782178218,-0.2175732217573222,-0.058823529411764705,0.006896551724137931,-0.045454545454545456,-0.06607929515418502,-0.13773405268168834,-0.022222222222222223,0.01694915254237288,-0.07142857142857142,-0.014084507042253521,0.1111111111111111,-0.37037037037037035,-0.10221465076660988,-0.125,-0.05714285714285714,-0.04790419161676647,-0.08120133481646273,0.05128205128205128,-0.041666666666666664,40,78,87,195,385,264,404,239,204,435,66,227,3151,45,236,364,142,9,27,587,32,35,167,1798,39,24,2017,11,0.7922634,24.94633,5.3,14210,3.2,74.827,1.736,59.111,98.7,15.4,109.8085,103.016,1.00513,1.160219,1.102097,1.322869,14.62559,106.1218,74.44443,83.52582,2.09,9.737,2.1652,810,846,251,251,2851,2851,3833,16930.654202586207,1534.0765086206898,42223.752693965514,187,2851,251,810,0.4523706896551724,0.028448275862068963,0.015301724137931034
2017-12-01T00:00:00Z,-0.144655887823723,6989,-0.1111111111111111,-0.041666666666666664,0,-0.2028985507246377,-0.08064516129032258,-0.017699115044247787,-0.13533834586466165,-0.16748768472906403,-0.13793103448275862,-0.09223300970873786,-0.05714285714285714,-0.144,-0.1939524838012959,-0.21052631578947367,-0.07222222222222222,-0.14391143911439114,-0.06,-0.16666666666666666,-0.2631578947368421,-0.04981549815498155,0.125,-0.1111111111111111,-0.21428571428571427,-0.15195195195195196,0.038461538461538464,-0.13636363636363635,36,48,101,138,248,113,266,203,145,206,35,125,2315,19,180,271,100,6,19,542,16,18,126,1665,26,22,2017,12,0.7922634,24.94633,5.3,14210,3.2,74.827,1.736,59.111,98.7,15.4,109.8085,103.016,1.00513,1.160219,1.102097,1.322869,14.62559,106.1218,74.44443,83.52582,2.09,9.737,2.1652,709,727,232,232,2216,2216,3061,17262.85019316068,1159.245957933896,43465.50093003291,143,2216,232,709,0.4269566461582487,0.03391043067677779,0.014594362569752469
2018-01-01T00:00:00Z,-0.2155837817705457,77863,-0.327683615819209,-0.09248554913294797,-0.12138728323699421,-0.1906040268456376,-0.1243432574430823,-0.12019826517967781,-0.13198757763975155,-0.1676829268292683,-0.17151848937844216,-0.17737003058103976,-0.18181818181818182,-0.21159029649595687,-0.27290249745298345,-0.1951219512195122,-0.14494773519163764,-0.19866186309830158,-0.13368983957219252,-0.2,-0.31010452961672474,-0.16704892966360857,-0.12096774193548387,-0.24752475247524752,-0.16287878787878787,-0.1696522175121929,-0.06143344709897611,-0.08108108108108109,177,346,173,745,2284,807,1932,984,1271,1308,297,742,36317,123,1435,1943,748,5,287,2616,124,101,792,21939,293,74,2018,1,0.7937682,25.14514,5.3,14550,3.1,75.109,1.749,57.8858,98.8,15.2,108.6233,105.0071,1.00668,1.141318,1.094558,1.783667,15.09504,99.64003,84.44443,84.29474,2.09,10.119,2.1652,6103,6534,2442,2442,31459,31459,38783,18530.998433145392,1159.3320832744691,36992.90253393781,1417,31459,2442,6103,0.5717734996082864,0.037848528826271786,0.02535222120904666
2018-02-01T00:00:00Z,-0.16331624086763172,22037,-0.19736842105263158,-0.10714285714285714,-0.07142857142857142,-0.06418918918918919,-0.08076009501187649,-0.04296875,-0.09319526627218935,-0.14320987654320988,-0.05604719764011799,-0.10230179028132992,-0.05813953488372093,-0.1660377358490566,-0.18574566756163047,-0.23076923076923078,-0.06431535269709543,-0.1485148514851485,-0.05907172995780591,0,-0.2624113475177305,-0.10146341463414635,-0.08064516129032258,-0.06741573033707865,-0.08571428571428572,-0.1998848755216578,-0.10101010101010101,-0.02631578947368421,76,84,42,296,842,256,676,405,339,391,86,265,8194,39,482,606,237,3,141,1025,62,89,315,6949,99,38,2018,2,0.7937682,25.14514,5.3,14550,3.1,75.109,1.749,57.8858,98.8,15.2,108.6233,105.0071,1.00668,1.141318,1.094558,1.783667,15.09504,99.64003,84.44443,84.29474,2.09,10.119,2.1652,1979,2100,817,817,7490,7490,9911,21428.68775241639,1405.5841993011752,38083.71248355039,503,7490,817,1979,0.5436765439941916,0.046013522711802875,0.019421881381313247
2018-03-01T00:00:00Z,-0.13234195694982007,14727,-0.046511627906976744,-0.09278350515463918,-0.09615384615384616,-0.028720626631853787,-0.08576642335766424,-0.04861111111111111,-0.08348134991119005,-0.20863309352517986,-0.07961783439490445,-0.08045977011494253,-0.05172413793103448,-0.12558139534883722,-0.18137254901960784,-0.09090909090909091,-0.08074534161490683,-0.09803921568627451,-0.08962264150943396,0,-0.18181818181818182,-0.13120567375886524,-0.03508771929824561,-0.09243697478991597,-0.12272727272727273,-0.11826347305389222,-0.043478260869565216,-0.02564102564102564,43,97,52,383,548,288,563,278,314,435,58,215,5508,44,483,459,212,2,55,846,57,119,220,3340,69,39,2018,3,0.7937682,25.14514,5.3,14550,3.1,75.109,1.749,57.8858,98.8,15.2,108.6233,105.0071,1.00668,1.141318,1.094558,1.783667,15.09504,99.64003,84.44443,84.29474,2.09,10.119,2.1652,1484,1561,542,542,3982,3982,5802,31599.404223535003,1336.9946357031304,40791.05975419298,491,3982,542,1484,0.46635431520336795,0.053642968696951177,0.02390167719155293
2018-04-01T00:00:00Z,-0.14065432411869136,19715,-0.14457831325301204,-0.01948051948051948,0,-0.08845208845208845,-0.0774487471526196,-0.04669260700389105,-0.15906680805938495,-0.19162995594713655,-0.21241050119331742,-0.07371794871794872,-0.13793103448275862,-0.17067833698030635,-0.14921821889870837,-0.07272727272727272,-0.10492845786963434,-0.1970899470899471,-0.04603580562659847,0,-0.17142857142857143,-0.206151832460733,-0.08,-0.09836065573770492,-0.18489583333333334,-0.11080501989592899,-0.019801980198019802,-0.061224489795918366,83,154,63,407,878,514,943,454,1676,624,145,457,5884,55,629,756,391,17,35,1528,50,122,384,3267,101,98,2018,4,0.7937682,25.14514,5.3,14550,3.1,75.109,1.749,57.8858,98.8,15.2,108.6233,105.0071,1.00668,1.141318,1.094558,1.783667,15.09504,99.64003,84.44443,84.29474,2.09,10.119,2.1652,1453,1541,470,470,6278,6278,8268,24544.363124524472,1587.539487699721,42519.432817651534,725,6278,470,1453,0.20390565559218868,0.019984783160030432,0.016890692366218617
2018-05-01T00:00:00Z,-0.14676551054628895,22662,-0.12727272727272726,-0.046948356807511735,-0.06,-0.1171875,-0.10269192422731804,-0.060263653483992465,-0.21940463065049615,-0.27802690582959644,-0.14935064935064934,-0.12599318955732122,-0.18857142857142858,-0.17427385892116182,-0.1393841166936791,-0.17647058823529413,-0.1125,-0.17305585980284777,-0.08695652173913043,-0.058823529411764705,-0.20588235294117646,-0.20908130939809927,-0.11475409836065574,-0.0958904109589041,-0.16901408450704225,-0.13436385255648037,-0.06521739130434782,-0.14516129032258066,110,213,100,384,1003,531,907,669,616,881,175,482,8021,85,880,913,598,17,34,1894,61,73,497,3364,92,62,2018,5,0.7937682,25.14514,5.3,14550,3.1,75.109,1.749,57.8858,98.8,15.2,108.6233,105.0071,1.00668,1.141318,1.094558,1.783667,15.09504,99.64003,84.44443,84.29474,2.09,10.119,2.1652,2905,2961,1186,1186,6896,6896,10240,15926.51588562351,914.3351425293442,38020.21829494308,2023,6896,1186,2905,0.26008295825611155,0.0342864707439767,0.014473568087547435
2018-06-01T00:00:00Z,-0.060999819527161166,16623,0.05,0.05844155844155844,-0.04054054054054054,0.022792022792022793,0.013119533527696793,0.07482993197278912,-0.02620689655172414,-0.12060301507537688,0.01440922190201729,0.044444444444444446,0.11009174311926606,-0.03864734299516908,-0.11249760030716069,-0.017857142857142856,0.01834862385321101,-0.07701149425287357,0.020348837209302327,0,-0.37037037037037035,-0.1727373068432671,-0.08108108108108109,-0.05405405405405406,-0.1016548463356974,-0.0060584461867426945,0.007518796992481203,0.02702702702702703,80,154,74,351,686,294,725,398,347,540,109,414,5209,56,654,870,344,6,27,1812,37,37,423,2806,133,37,2018,6,0.7937682,25.14514,5.3,14550,3.1,75.109,1.749,57.8858,98.8,15.2,108.6233,105.0071,1.00668,1.141318,1.094558,1.783667,15.09504,99.64003,84.44443,84.29474,2.09,10.119,2.1652,1556,1602,1627,1627,5029,5029,6893,22695.5780545028,1075.8148348673524,42427.05696925946,793,5029,1627,1556,0.7794621909402634,0.03513204596041629,0.02057390362750406
2018-07-01T00:00:00Z,0.05698710460615222,43659,0.13973799126637554,0.03142857142857143,0.09523809523809523,0.018633540372670808,0.045941807044410414,0.08798017348203221,0.10523385300668152,0.03549060542797495,0.07203791469194312,0.08637873754152824,0.11705685618729098,0.019230769230769232,0.040612472892160086,0.06097560975609756,0.08529048207663782,0.04594594594594595,0.102880658436214,0.14285714285714285,0.07692307692307693,0.034261241970021415,-0.03816793893129771,0.08695652173913043,0.08532423208191127,0.07813722932428907,0.09821428571428571,0.056338028169014086,229,350,126,1610,2612,807,1796,958,1055,1505,299,780,15217,164,1618,1850,729,14,52,2802,131,115,879,7666,224,71,2018,7,0.7937682,25.14514,5.3,14550,3.1,75.109,1.749,57.8858,98.8,15.2,108.6233,105.0071,1.00668,1.141318,1.094558,1.783667,15.09504,99.64003,84.44443,84.29474,2.09,10.119,2.1652,2605,2677,6569,6569,24973,24973,27948,16673.456629789966,1000.7482306053735,39783.63127877413,809,24973,6569,2605,0.9760186903044046,0.04521404521404521,0.017178588607160036
2018-08-01T00:00:00Z,-0.03391887382057583,32961,-0.021739130434782608,0.003484320557491289,-0.019138755980861243,-0.05030674846625767,-0.01464307504575961,0.029069767441860465,-0.021445591739475776,-0.11419249592169657,-0.022222222222222223,-0.01134020618556701,-0.05917159763313609,-0.007352941176470588,-0.05070259307547443,0,-0.02383134738771769,-0.07277187244480784,0.0028653295128939827,0,-0.14285714285714285,-0.041815400305966345,-0.08163265306122448,-0.03488372093023256,-0.07407407407407407,0.004316264469295664,0.005434782608695652,0.057971014492753624,138,287,209,815,1639,516,1259,613,855,970,169,544,13806,98,1091,1223,698,8,42,1961,98,86,486,5097,184,69,2018,8,0.7937682,25.14514,5.3,14550,3.1,75.109,1.749,57.8858,98.8,15.2,108.6233,105.0071,1.00668,1.141318,1.094558,1.783667,15.09504,99.64003,84.44443,84.29474,2.09,10.119,2.1652,1924,1995,1113,1113,9447,9447,12165,20781.255514092416,990.659051606444,44132.008949971176,1025,9447,1113,1924,0.4034161584903371,0.03055125754679773,0.016018931464457997
2018-09-01T00:00:00Z,-0.04769524397061942,51871,-0.031914893617021274,-0.06476683937823834,-0.012552301255230125,-0.0550561797752809,-0.0289234065345474,-0.027745664739884393,-0.05348460291734198,-0.08139534883720931,-0.05051150895140665,-0.06913183279742766,-0.02214022140221402,-0.022900763358778626,-0.04710220843984411,-0.022727272727272728,-0.061435209086215796,-0.05715783953854221,-0.038600723763570564,-0.1111111111111111,-0.09090909090909091,-0.0773121387283237,-0.012048192771084338,-0.08904109589041095,-0.06555269922879177,-0.030610862792902614,-0.039647577092511016,0.017857142857142856,282,386,239,890,1867,865,1851,1376,1564,1244,271,786,23863,176,1937,1907,829,9,88,2768,83,146,778,7383,227,56,2018,9,0.7937682,25.14514,5.3,14550,3.1,75.109,1.749,57.8858,98.8,15.2,108.6233,105.0071,1.00668,1.141318,1.094558,1.783667,15.09504,99.64003,84.44443,84.29474,2.09,10.119,2.1652,2558,2622,16375,16375,26603,26603,29562,9307.420543270806,935.2708449808177,36603.18322376665,754,26603,16375,2558,0.3456459293246708,0.027684062385533344,0.010487555666942993
2018-10-01T00:00:00Z,-0.023871570459238864,40676,-0.02142857142857143,-0.011363636363636364,0.019417475728155338,-0.023448275862068966,-0.0324773413897281,-0.02622950819672131,-0.02626123013130615,-0.09125,-0.010787486515641856,-0.012021857923497269,-0.04128440366972477,-0.04519774011299435,-0.0191541079241614,-0.024691358024691357,-0.0142602495543672,-0.025234318673395817,-0.0057692307692307696,0,-0.15789473684210525,-0.07963757749165475,-0.0945945945945946,-0.0641025641025641,-0.08228730822873083,-0.005541125541125541,0,0,140,264,103,725,1324,610,1447,800,927,915,218,531,20570,81,1122,1387,520,3,38,2097,74,78,717,5775,156,54,2018,10,0.7937682,25.14514,5.3,14550,3.1,75.109,1.749,57.8858,98.8,15.2,108.6233,105.0071,1.00668,1.141318,1.094558,1.783667,15.09504,99.64003,84.44443,84.29474,2.09,10.119,2.1652,2451,2510,3035,3035,20112,20112,22799,6929.705944537319,922.0416953486085,32955.837250467106,446,20112,3035,2451,1.0871767135411545,0.07136886616186448,0.013078965483331696
2018-11-01T00:00:00Z,-0.04383963034964641,35493,-0.05025125628140704,0.008968609865470852,-0.04054054054054054,-0.027739251040221916,-0.010933557611438183,-0.00655307994757536,-0.05369718309859155,-0.1008174386920981,0.03351351351351351,-0.025203252032520326,-0.01702127659574468,-0.056179775280898875,-0.04198929807994964,-0.04310344827586207,-0.022244691607684528,-0.18604651162790697,-0.037914691943127965,-0.06666666666666667,-0.15384615384615385,-0.06656101426307448,-0.015873015873015872,-0.05,-0.04038772213247173,-0.020196300490751228,0.021739130434782608,-0.02631578947368421,199,223,74,721,1189,763,1136,734,925,1230,235,534,15885,116,989,1935,422,15,39,1893,63,80,619,5298,138,38,2018,11,0.7937682,25.14514,5.3,14550,3.1,75.109,1.749,57.8858,98.8,15.2,108.6233,105.0071,1.00668,1.141318,1.094558,1.783667,15.09504,99.64003,84.44443,84.29474,2.09,10.119,2.1652,2418,2480,2413,2413,16634,16634,19715,7483.109880821571,926.2921702870989,35975.22395965402,367,16634,2413,2418,0.543402924520328,0.039331699208294595,0.013016651170653367
2018-12-01T00:00:00Z,-0.004436917866215072,29525,0.012121212121212121,0.004219409282700422,0.11392405063291139,0.01447178002894356,0.04291187739463601,0.01772525849335303,0.0028763183125599234,-0.07624633431085044,0.02804878048780488,9.487666034155598e-4,-0.0136986301369863,-0.050434782608695654,-0.016380879394578024,0.03968253968253968,0.027938342967244702,-0.05167173252279635,0.004201680672268907,-0.14285714285714285,-0.2,-0.03898305084745763,-0.0425531914893617,0.05128205128205128,-0.018867924528301886,0.02155971029139296,-0.016666666666666666,0.022727272727272728,165,237,79,691,1305,677,1043,682,820,1054,219,575,10439,126,1038,1316,476,7,50,1770,47,78,530,5937,120,44,2018,12,0.7937682,25.14514,5.3,14550,3.1,75.109,1.749,57.8858,98.8,15.2,108.6233,105.0071,1.00668,1.141318,1.094558,1.783667,15.09504,99.64003,84.44443,84.29474,2.09,10.119,2.1652,2259,2315,1710,1710,18395,18395,20839,9896.597933954276,870.6040643522439,30546.81632514818,321,18395,1710,2259,1.4594072819644368,0.06692633361558001,0.024250635055038102
2019-01-01T00:00:00Z,0.1198698246248418,27655,0.05421686746987952,0.4124293785310734,0.3103448275862069,0.2060931899641577,0.24559777571825764,0.33059548254620125,0.14227226202661208,0.05216095380029806,0.16502115655853314,0.2825322391559203,0.1518987341772152,0.1310344827586207,0.05568130375735627,0.34523809523809523,0.31072749691738594,0.014502762430939226,0.24813895781637718,0.13333333333333333,0.075,0.11531190926275993,0.01818181818181818,-0.0684931506849315,0.09285714285714286,0.15234685759745425,0.2302158273381295,0.2564102564102564,166,177,58,558,1079,487,977,671,709,853,158,435,11045,84,811,1448,403,15,40,1587,55,73,560,5028,139,39,2019,1,0.7661078,25.33852,5.4,14890,3.1,75.338,1.703,56.6606,99.1,14.9,107.4075,103.9533,1.00991,1.244126,1.060238,1.220778,15.51679,95.38505,84.44443,85.06008,2.09,7.4008,2.3106,2662,2719,2120,2120,13331,13331,16031,12151.6876875791,838.8523955885012,34913.47463388176,337,13331,2120,2662,0.9559573314048092,0.06125474597721931,0.021912854818296874
2019-02-01T00:00:00Z,-0.048450723220607575,29659,-0.11764705882352941,-0.01935483870967742,-0.046511627906976744,-0.012919896640826873,-0.03806584362139918,0.011560693641618497,-0.049682875264270614,-0.10923076923076923,-0.05351170568561873,-0.01,-0.08904109589041095,-0.058315334773218146,-0.04916881292437368,-0.04395604395604396,-0.025835866261398176,-0.15478260869565216,-0.03937007874015748,-0.047619047619047616,-0.27906976744186046,-0.06591070163004961,0,-0.16666666666666666,-0.0976027397260274,-0.011574074074074073,0,0.02631578947368421,153,155,86,1161,972,346,946,650,598,800,146,463,12813,91,658,1725,381,21,43,1411,54,66,584,5184,114,38,2019,2,0.7661078,25.33852,5.4,14890,3.1,75.338,1.703,56.6606,99.1,14.9,107.4075,103.9533,1.00991,1.244126,1.060238,1.220778,15.51679,95.38505,84.44443,85.06008,2.09,7.4008,2.3106,2640,2699,2111,2111,12216,12216,14928,12534.409116962812,961.9075828584915,38212.25472875013,502,12216,2111,2640,0.916551468356991,0.04669746114164334,0.02232037492835227
2019-03-01T00:00:00Z,-0.06137118967772982,66497,-0.08895705521472393,-0.08232445520581114,-0.07894736842105263,-0.06669006669006669,-0.043478260869565216,-0.03023758099352052,-0.06156156156156156,-0.09195402298850575,-0.06708357021034679,-0.05996548748921484,-0.07465618860510806,-0.06787687450670876,-0.06447396162766182,-0.04938271604938271,-0.054078826764436295,-0.08377288240769469,-0.05282669138090825,-0.125,-0.1267605633802817,-0.06798131811105346,-0.0763888888888889,-0.06557377049180328,-0.0852314474650992,-0.046885409726848765,-0.01824817518248175,0,326,413,228,2849,2875,1389,2664,1392,1759,2318,509,1267,23715,243,2182,3223,1079,16,71,3854,144,244,1361,12008,274,94,2019,3,0.7661078,25.33852,5.4,14890,3.1,75.338,1.703,56.6606,99.1,14.9,107.4075,103.9533,1.00991,1.244126,1.060238,1.220778,15.51679,95.38505,84.44443,85.06008,2.09,7.4008,2.3106,5199,5314,6516,6516,41733,41733,47152,8719.04042287622,1069.7395671985203,35567.12107313112,669,41733,6516,5199,1.2628840398814982,0.06364196881062305,0.02264763823931907
2019-04-01T00:00:00Z,-0.10493875220595868,77064,-0.09698275862068965,-0.10714285714285714,-0.12171052631578948,-0.08918406072106262,-0.08787773532476555,-0.07548526240115025,-0.10868916094356525,-0.13230769230769232,-0.12637795275590552,-0.0826191292423723,-0.10571923743500866,-0.13349084465445954,-0.08668083858671749,-0.08860759493670886,-0.09179770505737357,-0.16440019426906266,-0.06416275430359937,0,-0.1259259259259259,-0.14260989961924542,-0.07468879668049792,-0.12184873949579832,-0.1707933299646286,-0.1053864168618267,-0.07911392405063292,-0.08661417322834646,464,532,304,2108,2879,1391,3349,2600,2540,2917,577,1693,27284,316,2353,4118,1278,18,135,5778,241,238,1979,11529,316,127,2019,4,0.7661078,25.33852,5.4,14890,3.1,75.338,1.703,56.6606,99.1,14.9,107.4075,103.9533,1.00991,1.244126,1.060238,1.220778,15.51679,95.38505,84.44443,85.06008,2.09,7.4008,2.3106,4385,4479,4683,4683,49585,49585,54215,8171.086642271359,910.2716573237828,29237.647371016297,995,49585,4683,4385,0.699781999377141,0.038163085227862555,0.0186727914460708
2019-05-01T00:00:00Z,-0.09034400899587688,96044,-0.09961685823754789,-0.08899297423887588,-0.10616438356164383,-0.01959847036328872,-0.06442021803766106,-0.039637599093997736,-0.1157190635451505,-0.12147102526002972,-0.07798319327731093,-0.053596223271313526,-0.07976366322008863,-0.10977948226270375,-0.09905935966347278,-0.078125,-0.08530259365994236,-0.11183325862841775,-0.07311320754716981,-0.03333333333333333,-0.1597222222222222,-0.12790529810884943,-0.06329113924050633,-0.04220779220779221,-0.12283044058744993,-0.06650893796004206,-0.05443548387096774,-0.027624309392265192,522,854,292,2092,4036,1766,4485,2692,2975,3601,677,2086,34232,320,3470,4462,1696,30,144,6927,237,308,2247,15216,496,181,2019,5,0.7661078,25.33852,5.4,14890,3.1,75.338,1.703,56.6606,99.1,14.9,107.4075,103.9533,1.00991,1.244126,1.060238,1.220778,15.51679,95.38505,84.44443,85.06008,2.09,7.4008,2.3106,6076,6248,13469,13469,57277,57277,63609,7350.5299550206155,889.6720461455167,30526.55379825913,1210,57277,13469,6076,0.7554766565324225,0.05963933197284578,0.018481112823289327
2019-06-01T00:00:00Z,-0.08539420841259776,80427,-0.044596912521440824,-0.08006042296072508,-0.03146853146853147,-0.04064039408866995,-0.06391096979332274,-0.054373522458628844,-0.08977480219111382,-0.09006815968841285,-0.0783673469387755,-0.04360012457178449,-0.06512301013024602,-0.1053878034339846,-0.08838042449641746,-0.08108108108108109,-0.07571428571428572,-0.11194029850746269,-0.041560644614079725,-0.058823529411764705,-0.20155038759689922,-0.1472542847149353,-0.06206896551724138,-0.06462585034013606,-0.09590714722052535,-0.07535563244905806,-0.05789473684210526,-0.08955223880597014,583,662,286,1624,3145,1692,3286,2054,2450,3211,691,1689,29588,259,2800,3752,1179,34,129,5718,145,294,1637,13005,380,134,2019,6,0.7661078,25.33852,5.4,14890,3.1,75.338,1.703,56.6606,99.1,14.9,107.4075,103.9533,1.00991,1.244126,1.060238,1.220778,15.51679,95.38505,84.44443,85.06008,2.09,7.4008,2.3106,5321,5437,11777,11777,49620,49620,55107,7049.063722381786,778.1951459087122,31373.70486279483,764,49620,11777,5321,0.5434493391522747,0.03992440349633829,0.016076690663583127
2019-07-01T00:00:00Z,-0.06622801623416553,48786,-0.07647058823529412,0.007782101167315175,-0.06422018348623854,-0.014211886304909561,-0.005625,0.009790209790209791,-0.06121247792819305,-0.1082375478927203,-0.06716417910447761,-0.04872727272727273,-0.09006211180124224,-0.10068027210884353,-0.06662292735297626,-0.02727272727272727,-0.04455051710421639,-0.06417736289381563,-0.03770197486535009,0,-0.16666666666666666,-0.06256590509666081,-0.022988505747126436,-0.042735042735042736,-0.07052023121387284,-0.08126048071548352,-0.04516129032258064,-0.1111111111111111,170,257,109,774,1600,715,1699,1044,1072,1375,322,735,16766,110,1257,1714,557,3,72,2845,87,117,865,14312,155,54,2019,7,0.7661078,25.33852,5.4,14890,3.1,75.338,1.703,56.6606,99.1,14.9,107.4075,103.9533,1.00991,1.244126,1.060238,1.220778,15.51679,95.38505,84.44443,85.06008,2.09,7.4008,2.3106,5243,5374,4766,4766,21929,21929,27221,14850.283318984953,831.5422457262329,33698.70153322675,850,21929,4766,5243,0.5833435821752143,0.04325011273726069,0.030275078916082488
2019-08-01T00:00:00Z,-0.026260129755935266,84158,-0.00819672131147541,-0.009693053311793215,-0.007142857142857143,0.008093070308548306,-0.005144868670457623,0.014302741358760428,-0.032146652497343255,-0.05402579295921924,-0.01944209636517329,-0.0013192612137203166,-0.0296875,-0.0405777166437414,-0.02349379120036793,0.019011406844106463,-0.020523899540912775,-0.027715565509518477,-0.02147239263803681,-0.10526315789473684,-0.06956521739130435,-0.019497982967279247,-0.04054054054054054,-0.02909090909090909,-0.013671875,-0.04437075635559766,-0.046153846153846156,-0.014084507042253521,366,619,280,1977,3693,1678,3764,2869,2366,3032,640,1454,26092,263,3703,3572,1630,19,115,4462,222,275,1536,18999,390,142,2019,8,0.7661078,25.33852,5.4,14890,3.1,75.338,1.703,56.6606,99.1,14.9,107.4075,103.9533,1.00991,1.244126,1.060238,1.220778,15.51679,95.38505,84.44443,85.06008,2.09,7.4008,2.3106,6246,6398,10271,10271,55126,55126,61318,9357.541671617673,805.7330259749518,29043.015411487915,1004,55126,10271,6246,0.8823403597994248,0.05341144038594073,0.02409753083485824
2019-09-01T00:00:00Z,-0.045896857409812905,43881,-0.04263565891472868,-0.03103448275862069,-0.07407407407407407,-0.01928374655647383,-0.042093901780895844,-0.003048780487804878,-0.0391147709727226,-0.13478611783696529,-0.04962406015037594,-0.04902405810258738,-0.013736263736263736,-0.05236270753512133,-0.054777594728171335,-0.02097902097902098,-0.0574566962399662,-0.0625,-0.039634146341463415,0.045454545454545456,-0.09302325581395349,-0.051794453507340944,-0.028846153846153848,-0.0064516129032258064,-0.05043859649122807,-0.018581971534001054,-0.03669724770642202,-0.03225806451612903,258,290,135,1089,1853,984,1943,1239,1330,2203,364,783,14568,143,2367,1792,984,22,43,2452,104,155,912,7588,218,62,2019,9,0.7661078,25.33852,5.4,14890,3.1,75.338,1.703,56.6606,99.1,14.9,107.4075,103.9533,1.00991,1.244126,1.060238,1.220778,15.51679,95.38505,84.44443,85.06008,2.09,7.4008,2.3106,4421,4526,5308,5308,23825,23825,28453,10225.861101615734,865.9817232970989,31562.297258494564,554,23825,5308,4421,0.5986873589936419,0.040359153164239644,0.023449784644834895
2019-10-01T00:00:00Z,-0.03293190732069734,57877,-0.039660056657223795,-0.020737327188940093,-0.010309278350515464,-0.006507592190889371,-0.034724931720639875,0.007142857142857143,-0.0324380885943495,-0.06005665722379604,-0.01722158438576349,-0.02945054945054945,-0.047413793103448273,-0.02922077922077922,-0.04075669786559699,-0.03902439024390244,-0.016964695093993582,-0.058044409816906894,-0.005597014925373134,-0.12,-0.13924050632911392,-0.04804560260586319,-0.02843601895734597,-0.06829268292682927,-0.03943661971830986,-0.015889609031988293,-0.03669724770642202,0.02857142857142857,353,434,194,1383,2563,1120,2867,1765,1742,2275,464,1232,20193,205,2181,2567,1072,25,79,3684,211,205,1065,9566,327,105,2019,10,0.7661078,25.33852,5.4,14890,3.1,75.338,1.703,56.6606,99.1,14.9,107.4075,103.9533,1.00991,1.244126,1.060238,1.220778,15.51679,95.38505,84.44443,85.06008,2.09,7.4008,2.3106,4163,4289,13415,13415,36262,36262,40657,10934.391934619971,947.6943172590148,30517.356583789762,996,36262,13415,4163,0.5549181885723172,0.0569310779757071,0.016224061371529278
2019-11-01T00:00:00Z,-0.10514496620419779,44976,-0.10810810810810811,-0.1308411214953271,-0.14795918367346939,-0.12098991750687443,-0.10256410256410256,-0.14864864864864866,-0.11303916707982152,-0.13170731707317074,-0.09630526953361598,-0.1354939476766888,-0.12589073634204276,-0.1091753774680604,-0.10309982247712686,-0.17318435754189945,-0.1419284940411701,-0.10766208251473477,-0.08930669800235018,-0.3076923076923077,-0.1896551724137931,-0.09213323883770376,-0.06666666666666667,-0.1388888888888889,-0.12437810945273632,-0.0693498452012384,-0.08178438661710037,-0.11,333,428,196,1091,1989,1110,2017,1230,1651,2561,421,861,14646,179,1846,2545,851,13,58,2822,150,144,1005,6460,269,100,2019,11,0.7661078,25.33852,5.4,14890,3.1,75.338,1.703,56.6606,99.1,14.9,107.4075,103.9533,1.00991,1.244126,1.060238,1.220778,15.51679,95.38505,84.44443,85.06008,2.09,7.4008,2.3106,4834,4936,4790,4790,23869,23869,28704,9714.555518498755,898.7584934187122,32181.469116862325,664,23869,4790,4834,0.6913020277481323,0.045602098897189615,0.025235681252223408
2019-12-01T00:00:00Z,-0.05822981366459627,30912,-0.08904109589041095,-0.053125,-0.07339449541284404,-0.060790273556231005,-0.04926423544465771,-0.033527696793002916,-0.07692307692307693,-0.11172566371681415,-0.04334038054968287,-0.04263275991024682,-0.05078125,-0.07473841554559044,-0.07483911148017439,-0.046511627906976744,-0.056716417910447764,-0.06258992805755395,-0.042105263157894736,-0.14285714285714285,-0.19444444444444445,-0.07252096694622595,-0.02857142857142857,0.010638297872340425,-0.02821316614420063,-0.02529422097312489,-0.09523809523809523,0,146,320,109,658,1563,686,1352,904,946,1337,256,669,9634,129,1340,1390,570,7,36,2027,70,94,638,5693,252,86,2019,12,0.7661078,25.33852,5.4,14890,3.1,75.338,1.703,56.6606,99.1,14.9,107.4075,103.9533,1.00991,1.244126,1.060238,1.220778,15.51679,95.38505,84.44443,85.06008,2.09,7.4008,2.3106,3446,3487,2974,2974,18358,18358,21717,8940.375614648034,932.3745471014493,29581.51636904762,308,18358,2974,3446,0.5715579710144928,0.04076086956521739,0.020153985507246376
